file,line,type,commit,author,date,time,timezone,datetime,depth,length
style.css,1,css,df8d6a74,Risa Schloyer,2026-04-08,21:12:59,-07:00,2026-04-08T21:12:59-07:00,0,4
style.css,2,css,df8d6a74,Risa Schloyer,2026-04-08,21:12:59,-07:00,2026-04-08T21:12:59-07:00,1,31
style.css,3,css,df8d6a74,Risa Schloyer,2026-04-08,21:12:59,-07:00,2026-04-08T21:12:59-07:00,1,32
style.css,4,css,5068e389,Risa Schloyer,2026-04-16,13:44:38,-07:00,2026-04-16T13:44:38-07:00,1,23
style.css,5,css,df8d6a74,Risa Schloyer,2026-04-08,21:12:59,-07:00,2026-04-08T21:12:59-07:00,0,0
style.css,6,css,df8d6a74,Risa Schloyer,2026-04-08,21:12:59,-07:00,2026-04-08T21:12:59-07:00,0,0
style.css,7,css,84538049,Risa Schloyer,2026-04-03,17:29:07,-07:00,2026-04-03T17:29:07-07:00,0,4
style.css,8,css,84538049,Risa Schloyer,2026-04-03,17:29:07,-07:00,2026-04-03T17:29:07-07:00,1,43
style.css,9,css,ca50aab6,Risa Schloyer,2026-04-08,19:12:14,-07:00,2026-04-08T19:12:14-07:00,2,45
style.css,10,css,84538049,Risa Schloyer,2026-04-03,17:29:07,-07:00,2026-04-03T17:29:07-07:00,1,23
style.css,11,css,ca50aab6,Risa Schloyer,2026-04-08,19:12:14,-07:00,2026-04-08T19:12:14-07:00,1,15
style.css,12,css,ca50aab6,Risa Schloyer,2026-04-08,19:12:14,-07:00,2026-04-08T19:12:14-07:00,1,18
style.css,13,css,ca50aab6,Risa Schloyer,2026-04-08,19:12:14,-07:00,2026-04-08T19:12:14-07:00,1,12
style.css,14,css,84538049,Risa Schloyer,2026-04-03,17:29:07,-07:00,2026-04-03T17:29:07-07:00,0,0
style.css,15,css,ca50aab6,Risa Schloyer,2026-04-08,19:12:14,-07:00,2026-04-08T19:12:14-07:00,0,0
style.css,16,css,84538049,Risa Schloyer,2026-04-03,17:29:07,-07:00,2026-04-03T17:29:07-07:00,0,3
style.css,17,css,ca50aab6,Risa Schloyer,2026-04-08,19:12:14,-07:00,2026-04-08T19:12:14-07:00,1,14
style.css,18,css,df8d6a74,Risa Schloyer,2026-04-08,21:12:59,-07:00,2026-04-08T21:12:59-07:00,0,0
style.css,19,css,df8d6a74,Risa Schloyer,2026-04-08,21:12:59,-07:00,2026-04-08T21:12:59-07:00,0,0
style.css,20,css,df8d6a74,Risa Schloyer,2026-04-08,21:12:59,-07:00,2026-04-08T21:12:59-07:00,0,3
style.css,21,css,5068e389,Risa Schloyer,2026-04-16,13:44:38,-07:00,2026-04-16T13:44:38-07:00,1,39
style.css,22,css,df8d6a74,Risa Schloyer,2026-04-08,21:12:59,-07:00,2026-04-08T21:12:59-07:00,1,12
style.css,23,css,df8d6a74,Risa Schloyer,2026-04-08,21:12:59,-07:00,2026-04-08T21:12:59-07:00,1,18
style.css,24,css,5068e389,Risa Schloyer,2026-04-16,13:44:38,-07:00,2026-04-16T13:44:38-07:00,1,43
style.css,25,css,df8d6a74,Risa Schloyer,2026-04-08,21:12:59,-07:00,2026-04-08T21:12:59-07:00,0,0
style.css,26,css,df8d6a74,Risa Schloyer,2026-04-08,21:12:59,-07:00,2026-04-08T21:12:59-07:00,0,0
style.css,27,css,df8d6a74,Risa Schloyer,2026-04-08,21:12:59,-07:00,2026-04-08T21:12:59-07:00,0,5
style.css,28,css,df8d6a74,Risa Schloyer,2026-04-08,21:12:59,-07:00,2026-04-08T21:12:59-07:00,1,6
style.css,29,css,df8d6a74,Risa Schloyer,2026-04-08,21:12:59,-07:00,2026-04-08T21:12:59-07:00,1,20
style.css,30,css,df8d6a74,Risa Schloyer,2026-04-08,21:12:59,-07:00,2026-04-08T21:12:59-07:00,1,13
style.css,31,css,df8d6a74,Risa Schloyer,2026-04-08,21:12:59,-07:00,2026-04-08T21:12:59-07:00,1,17
style.css,32,css,df8d6a74,Risa Schloyer,2026-04-08,21:12:59,-07:00,2026-04-08T21:12:59-07:00,1,13
style.css,33,css,df8d6a74,Risa Schloyer,2026-04-08,21:12:59,-07:00,2026-04-08T21:12:59-07:00,0,0
style.css,34,css,df8d6a74,Risa Schloyer,2026-04-08,21:12:59,-07:00,2026-04-08T21:12:59-07:00,0,0
style.css,35,css,df8d6a74,Risa Schloyer,2026-04-08,21:12:59,-07:00,2026-04-08T21:12:59-07:00,0,13
style.css,36,css,5068e389,Risa Schloyer,2026-04-16,13:44:38,-07:00,2026-04-16T13:44:38-07:00,1,45
style.css,37,css,df8d6a74,Risa Schloyer,2026-04-08,21:12:59,-07:00,2026-04-08T21:12:59-07:00,1,20
style.css,38,css,df8d6a74,Risa Schloyer,2026-04-08,21:12:59,-07:00,2026-04-08T21:12:59-07:00,0,0
style.css,39,css,df8d6a74,Risa Schloyer,2026-04-08,21:12:59,-07:00,2026-04-08T21:12:59-07:00,0,0
style.css,40,css,df8d6a74,Risa Schloyer,2026-04-08,21:12:59,-07:00,2026-04-08T21:12:59-07:00,0,11
style.css,41,css,df8d6a74,Risa Schloyer,2026-04-08,21:12:59,-07:00,2026-04-08T21:12:59-07:00,1,45
style.css,42,css,df8d6a74,Risa Schloyer,2026-04-08,21:12:59,-07:00,2026-04-08T21:12:59-07:00,1,20
style.css,43,css,bc5bea5c,Risa Schloyer,2026-04-08,21:33:03,-07:00,2026-04-08T21:33:03-07:00,0,0
style.css,44,css,bc5bea5c,Risa Schloyer,2026-04-08,21:33:03,-07:00,2026-04-08T21:33:03-07:00,0,0
style.css,45,css,bc5bea5c,Risa Schloyer,2026-04-08,21:33:03,-07:00,2026-04-08T21:33:03-07:00,0,4
style.css,46,css,bc5bea5c,Risa Schloyer,2026-04-08,21:33:03,-07:00,2026-04-08T21:33:03-07:00,0,7
style.css,47,css,5068e389,Risa Schloyer,2026-04-16,13:44:38,-07:00,2026-04-16T13:44:38-07:00,0,5
style.css,48,css,5068e389,Risa Schloyer,2026-04-16,13:44:38,-07:00,2026-04-16T13:44:38-07:00,0,6
style.css,49,css,bc5bea5c,Risa Schloyer,2026-04-08,21:33:03,-07:00,2026-04-08T21:33:03-07:00,1,12
style.css,50,css,bc5bea5c,Risa Schloyer,2026-04-08,21:33:03,-07:00,2026-04-08T21:33:03-07:00,0,0
style.css,51,css,bc5bea5c,Risa Schloyer,2026-04-08,21:33:03,-07:00,2026-04-08T21:33:03-07:00,0,0
style.css,52,css,bc5bea5c,Risa Schloyer,2026-04-08,21:33:03,-07:00,2026-04-08T21:33:03-07:00,0,4
style.css,53,css,bc5bea5c,Risa Schloyer,2026-04-08,21:33:03,-07:00,2026-04-08T21:33:03-07:00,1,12
style.css,54,css,bc5bea5c,Risa Schloyer,2026-04-08,21:33:03,-07:00,2026-04-08T21:33:03-07:00,1,30
style.css,55,css,bc5bea5c,Risa Schloyer,2026-04-08,21:33:03,-07:00,2026-04-08T21:33:03-07:00,1,7
style.css,56,css,bc5bea5c,Risa Schloyer,2026-04-08,21:33:03,-07:00,2026-04-08T21:33:03-07:00,0,0
style.css,57,css,bc5bea5c,Risa Schloyer,2026-04-08,21:33:03,-07:00,2026-04-08T21:33:03-07:00,0,0
style.css,58,css,bc5bea5c,Risa Schloyer,2026-04-08,21:33:03,-07:00,2026-04-08T21:33:03-07:00,0,5
style.css,59,css,bc5bea5c,Risa Schloyer,2026-04-08,21:33:03,-07:00,2026-04-08T21:33:03-07:00,1,12
style.css,60,css,bc5bea5c,Risa Schloyer,2026-04-08,21:33:03,-07:00,2026-04-08T21:33:03-07:00,1,29
style.css,61,css,bc5bea5c,Risa Schloyer,2026-04-08,21:33:03,-07:00,2026-04-08T21:33:03-07:00,1,18
style.css,62,css,bc5bea5c,Risa Schloyer,2026-04-08,21:33:03,-07:00,2026-04-08T21:33:03-07:00,0,0
style.css,63,css,bc5bea5c,Risa Schloyer,2026-04-08,21:33:03,-07:00,2026-04-08T21:33:03-07:00,0,0
style.css,64,css,bc5bea5c,Risa Schloyer,2026-04-08,21:33:03,-07:00,2026-04-08T21:33:03-07:00,0,6
style.css,65,css,bc5bea5c,Risa Schloyer,2026-04-08,21:33:03,-07:00,2026-04-08T21:33:03-07:00,1,18
style.css,66,css,aceca9c5,Risa Schloyer,2026-04-10,12:48:51,-07:00,2026-04-10T12:48:51-07:00,0,0
style.css,67,css,aceca9c5,Risa Schloyer,2026-04-10,12:48:51,-07:00,2026-04-10T12:48:51-07:00,0,0
style.css,68,css,68991abd,Risa Schloyer,2026-04-10,12:52:37,-07:00,2026-04-10T12:52:37-07:00,0,9
style.css,69,css,68991abd,Risa Schloyer,2026-04-10,12:52:37,-07:00,2026-04-10T12:52:37-07:00,1,12
style.css,70,css,68991abd,Risa Schloyer,2026-04-10,12:52:37,-07:00,2026-04-10T12:52:37-07:00,1,58
style.css,71,css,68991abd,Risa Schloyer,2026-04-10,12:52:37,-07:00,2026-04-10T12:52:37-07:00,1,7
style.css,72,css,68991abd,Risa Schloyer,2026-04-10,12:52:37,-07:00,2026-04-10T12:52:37-07:00,0,0
style.css,73,css,68991abd,Risa Schloyer,2026-04-10,12:52:37,-07:00,2026-04-10T12:52:37-07:00,0,0
style.css,74,css,68991abd,Risa Schloyer,2026-04-10,12:52:37,-07:00,2026-04-10T12:52:37-07:00,0,17
style.css,75,css,68991abd,Risa Schloyer,2026-04-10,12:52:37,-07:00,2026-04-10T12:52:37-07:00,1,12
style.css,76,css,68991abd,Risa Schloyer,2026-04-10,12:52:37,-07:00,2026-04-10T12:52:37-07:00,1,26
style.css,77,css,68991abd,Risa Schloyer,2026-04-10,12:52:37,-07:00,2026-04-10T12:52:37-07:00,1,15
style.css,78,css,5f1e78f2,Risa Schloyer,2026-04-10,12:58:26,-07:00,2026-04-10T12:58:26-07:00,1,7
style.css,79,css,b982934a,Risa Schloyer,2026-04-10,13:02:36,-07:00,2026-04-10T13:02:36-07:00,1,17
style.css,80,css,68991abd,Risa Schloyer,2026-04-10,12:52:37,-07:00,2026-04-10T12:52:37-07:00,0,0
style.css,81,css,68991abd,Risa Schloyer,2026-04-10,12:52:37,-07:00,2026-04-10T12:52:37-07:00,0,0
style.css,82,css,68991abd,Risa Schloyer,2026-04-10,12:52:37,-07:00,2026-04-10T12:52:37-07:00,0,12
style.css,83,css,68991abd,Risa Schloyer,2026-04-10,12:52:37,-07:00,2026-04-10T12:52:37-07:00,1,8
style.css,84,css,5f1e78f2,Risa Schloyer,2026-04-10,12:58:26,-07:00,2026-04-10T12:58:26-07:00,0,0
style.css,85,css,5f1e78f2,Risa Schloyer,2026-04-10,12:58:26,-07:00,2026-04-10T12:58:26-07:00,0,0
style.css,86,css,5f1e78f2,Risa Schloyer,2026-04-10,12:58:26,-07:00,2026-04-10T12:58:26-07:00,0,13
style.css,87,css,5f1e78f2,Risa Schloyer,2026-04-10,12:58:26,-07:00,2026-04-10T12:58:26-07:00,1,10
style.css,88,css,5f1e78f2,Risa Schloyer,2026-04-10,12:58:26,-07:00,2026-04-10T12:58:26-07:00,1,11
style.css,89,css,5f1e78f2,Risa Schloyer,2026-04-10,12:58:26,-07:00,2026-04-10T12:58:26-07:00,0,0
style.css,90,css,5f1e78f2,Risa Schloyer,2026-04-10,12:58:26,-07:00,2026-04-10T12:58:26-07:00,0,0
style.css,91,css,5f1e78f2,Risa Schloyer,2026-04-10,12:58:26,-07:00,2026-04-10T12:58:26-07:00,0,2
style.css,92,css,5f1e78f2,Risa Schloyer,2026-04-10,12:58:26,-07:00,2026-04-10T12:58:26-07:00,1,14
style.css,93,css,5f1e78f2,Risa Schloyer,2026-04-10,12:58:26,-07:00,2026-04-10T12:58:26-07:00,0,0
style.css,94,css,5f1e78f2,Risa Schloyer,2026-04-10,12:58:26,-07:00,2026-04-10T12:58:26-07:00,0,0
style.css,95,css,5f1e78f2,Risa Schloyer,2026-04-10,12:58:26,-07:00,2026-04-10T12:58:26-07:00,0,22
style.css,96,css,5f1e78f2,Risa Schloyer,2026-04-10,12:58:26,-07:00,2026-04-10T12:58:26-07:00,1,15
style.css,97,css,5f1e78f2,Risa Schloyer,2026-04-10,12:58:26,-07:00,2026-04-10T12:58:26-07:00,1,17
style.css,98,css,86d7a365,Risa Schloyer,2026-04-10,13:10:40,-07:00,2026-04-10T13:10:40-07:00,0,0
style.css,99,css,86d7a365,Risa Schloyer,2026-04-10,13:10:40,-07:00,2026-04-10T13:10:40-07:00,0,0
style.css,100,css,86d7a365,Risa Schloyer,2026-04-10,13:10:40,-07:00,2026-04-10T13:10:40-07:00,0,12
style.css,101,css,86d7a365,Risa Schloyer,2026-04-10,13:10:40,-07:00,2026-04-10T13:10:40-07:00,1,15
style.css,102,css,86d7a365,Risa Schloyer,2026-04-10,13:10:40,-07:00,2026-04-10T13:10:40-07:00,0,0
style.css,103,css,86d7a365,Risa Schloyer,2026-04-10,13:10:40,-07:00,2026-04-10T13:10:40-07:00,0,0
style.css,104,css,86d7a365,Risa Schloyer,2026-04-10,13:10:40,-07:00,2026-04-10T13:10:40-07:00,0,15
style.css,105,css,86d7a365,Risa Schloyer,2026-04-10,13:10:40,-07:00,2026-04-10T13:10:40-07:00,1,14
style.css,106,css,86d7a365,Risa Schloyer,2026-04-10,13:10:40,-07:00,2026-04-10T13:10:40-07:00,1,20
style.css,107,css,86d7a365,Risa Schloyer,2026-04-10,13:10:40,-07:00,2026-04-10T13:10:40-07:00,0,0
style.css,108,css,86d7a365,Risa Schloyer,2026-04-10,13:10:40,-07:00,2026-04-10T13:10:40-07:00,0,0
style.css,109,css,86d7a365,Risa Schloyer,2026-04-10,13:10:40,-07:00,2026-04-10T13:10:40-07:00,0,15
style.css,110,css,86d7a365,Risa Schloyer,2026-04-10,13:10:40,-07:00,2026-04-10T13:10:40-07:00,1,16
style.css,111,css,86d7a365,Risa Schloyer,2026-04-10,13:10:40,-07:00,2026-04-10T13:10:40-07:00,1,19
style.css,112,css,86d7a365,Risa Schloyer,2026-04-10,13:10:40,-07:00,2026-04-10T13:10:40-07:00,1,20
style.css,113,css,86d7a365,Risa Schloyer,2026-04-10,13:10:40,-07:00,2026-04-10T13:10:40-07:00,1,41
style.css,114,css,86d7a365,Risa Schloyer,2026-04-10,13:10:40,-07:00,2026-04-10T13:10:40-07:00,0,0
style.css,115,css,86d7a365,Risa Schloyer,2026-04-10,13:10:40,-07:00,2026-04-10T13:10:40-07:00,0,0
style.css,116,css,86d7a365,Risa Schloyer,2026-04-10,13:10:40,-07:00,2026-04-10T13:10:40-07:00,0,15
style.css,117,css,86d7a365,Risa Schloyer,2026-04-10,13:10:40,-07:00,2026-04-10T13:10:40-07:00,1,19
style.css,118,css,86d7a365,Risa Schloyer,2026-04-10,13:10:40,-07:00,2026-04-10T13:10:40-07:00,0,0
style.css,119,css,86d7a365,Risa Schloyer,2026-04-10,13:10:40,-07:00,2026-04-10T13:10:40-07:00,0,0
style.css,120,css,86d7a365,Risa Schloyer,2026-04-10,13:10:40,-07:00,2026-04-10T13:10:40-07:00,0,14
style.css,121,css,86d7a365,Risa Schloyer,2026-04-10,13:10:40,-07:00,2026-04-10T13:10:40-07:00,1,14
style.css,122,css,86d7a365,Risa Schloyer,2026-04-10,13:10:40,-07:00,2026-04-10T13:10:40-07:00,0,0
style.css,123,css,86d7a365,Risa Schloyer,2026-04-10,13:10:40,-07:00,2026-04-10T13:10:40-07:00,0,0
style.css,124,css,86d7a365,Risa Schloyer,2026-04-10,13:10:40,-07:00,2026-04-10T13:10:40-07:00,0,15
style.css,125,css,86d7a365,Risa Schloyer,2026-04-10,13:10:40,-07:00,2026-04-10T13:10:40-07:00,1,18
style.css,126,css,86d7a365,Risa Schloyer,2026-04-10,13:10:40,-07:00,2026-04-10T13:10:40-07:00,0,0
style.css,127,css,86d7a365,Risa Schloyer,2026-04-10,13:10:40,-07:00,2026-04-10T13:10:40-07:00,0,0
style.css,128,css,86d7a365,Risa Schloyer,2026-04-10,13:10:40,-07:00,2026-04-10T13:10:40-07:00,0,15
style.css,129,css,86d7a365,Risa Schloyer,2026-04-10,13:10:40,-07:00,2026-04-10T13:10:40-07:00,1,19
style.css,130,css,86d7a365,Risa Schloyer,2026-04-10,13:10:40,-07:00,2026-04-10T13:10:40-07:00,0,0
style.css,131,css,86d7a365,Risa Schloyer,2026-04-10,13:10:40,-07:00,2026-04-10T13:10:40-07:00,0,0
style.css,132,css,86d7a365,Risa Schloyer,2026-04-10,13:10:40,-07:00,2026-04-10T13:10:40-07:00,0,20
style.css,133,css,86d7a365,Risa Schloyer,2026-04-10,13:10:40,-07:00,2026-04-10T13:10:40-07:00,1,17
style.css,134,css,86d7a365,Risa Schloyer,2026-04-10,13:10:40,-07:00,2026-04-10T13:10:40-07:00,0,0
style.css,135,css,86d7a365,Risa Schloyer,2026-04-10,13:10:40,-07:00,2026-04-10T13:10:40-07:00,0,0
style.css,136,css,86d7a365,Risa Schloyer,2026-04-10,13:10:40,-07:00,2026-04-10T13:10:40-07:00,0,17
style.css,137,css,86d7a365,Risa Schloyer,2026-04-10,13:10:40,-07:00,2026-04-10T13:10:40-07:00,1,10
style.css,138,css,86d7a365,Risa Schloyer,2026-04-10,13:10:40,-07:00,2026-04-10T13:10:40-07:00,1,16
style.css,139,css,5068e389,Risa Schloyer,2026-04-16,13:44:38,-07:00,2026-04-16T13:44:38-07:00,0,0
style.css,140,css,5068e389,Risa Schloyer,2026-04-16,13:44:38,-07:00,2026-04-16T13:44:38-07:00,0,0
style.css,141,css,5068e389,Risa Schloyer,2026-04-16,13:44:38,-07:00,2026-04-16T13:44:38-07:00,0,13
style.css,142,css,5068e389,Risa Schloyer,2026-04-16,13:44:38,-07:00,2026-04-16T13:44:38-07:00,1,17
style.css,143,css,5068e389,Risa Schloyer,2026-04-16,13:44:38,-07:00,2026-04-16T13:44:38-07:00,1,8
style.css,144,css,5068e389,Risa Schloyer,2026-04-16,13:44:38,-07:00,2026-04-16T13:44:38-07:00,1,10
style.css,145,css,5068e389,Risa Schloyer,2026-04-16,13:44:38,-07:00,2026-04-16T13:44:38-07:00,1,13
style.css,146,css,ca50aab6,Risa Schloyer,2026-04-08,19:12:14,-07:00,2026-04-08T19:12:14-07:00,0,0
index.js,1,js,2f50b7a9,Risa Schloyer,2026-04-24,16:54:24,-07:00,2026-04-24T16:54:24-07:00,0,71
index.js,2,js,556d6917,Risa Schloyer,2026-04-24,16:49:12,-07:00,2026-04-24T16:49:12-07:00,0,0
index.js,3,js,556d6917,Risa Schloyer,2026-04-24,16:49:12,-07:00,2026-04-24T16:49:12-07:00,0,54
index.js,4,js,556d6917,Risa Schloyer,2026-04-24,16:49:12,-07:00,2026-04-24T16:49:12-07:00,0,42
index.js,5,js,556d6917,Risa Schloyer,2026-04-24,16:49:12,-07:00,2026-04-24T16:49:12-07:00,0,0
index.js,6,js,556d6917,Risa Schloyer,2026-04-24,16:49:12,-07:00,2026-04-24T16:49:12-07:00,0,60
index.js,7,js,556d6917,Risa Schloyer,2026-04-24,16:49:12,-07:00,2026-04-24T16:49:12-07:00,0,0
index.js,8,js,2f50b7a9,Risa Schloyer,2026-04-24,16:54:24,-07:00,2026-04-24T16:54:24-07:00,0,54
index.js,9,js,2f50b7a9,Risa Schloyer,2026-04-24,16:54:24,-07:00,2026-04-24T16:54:24-07:00,0,0
index.js,10,js,bfe1d133,Risa Schloyer,2026-04-24,16:58:21,-07:00,2026-04-24T16:58:21-07:00,0,55
index.js,11,js,bfe1d133,Risa Schloyer,2026-04-24,16:58:21,-07:00,2026-04-24T16:58:21-07:00,0,0
index.js,12,js,bfe1d133,Risa Schloyer,2026-04-24,16:58:21,-07:00,2026-04-24T16:58:21-07:00,0,60
index.js,13,js,bfe1d133,Risa Schloyer,2026-04-24,16:58:21,-07:00,2026-04-24T16:58:21-07:00,0,0
index.js,14,js,bfe1d133,Risa Schloyer,2026-04-24,16:58:21,-07:00,2026-04-24T16:58:21-07:00,0,17
index.js,15,js,bfe1d133,Risa Schloyer,2026-04-24,16:58:21,-07:00,2026-04-24T16:58:21-07:00,1,24
index.js,16,js,bfe1d133,Risa Schloyer,2026-04-24,16:58:21,-07:00,2026-04-24T16:58:21-07:00,2,2
index.js,17,js,bfe1d133,Risa Schloyer,2026-04-24,16:58:21,-07:00,2026-04-24T16:58:21-07:00,3,55
index.js,18,js,bfe1d133,Risa Schloyer,2026-04-24,16:58:21,-07:00,2026-04-24T16:58:21-07:00,3,55
index.js,19,js,bfe1d133,Risa Schloyer,2026-04-24,16:58:21,-07:00,2026-04-24T16:58:21-07:00,3,49
index.js,20,js,bfe1d133,Risa Schloyer,2026-04-24,16:58:21,-07:00,2026-04-24T16:58:21-07:00,3,49
index.js,21,js,bfe1d133,Risa Schloyer,2026-04-24,16:58:21,-07:00,2026-04-24T16:58:21-07:00,2,3
index.js,22,js,bfe1d133,Risa Schloyer,2026-04-24,16:58:21,-07:00,2026-04-24T16:58:21-07:00,1,0
index.js,23,js,bfe1d133,Risa Schloyer,2026-04-24,16:58:21,-07:00,2026-04-24T16:58:21-07:00,0,0
index.html,1,html,2f3fcb67,Risa Schloyer,2026-04-03,15:59:11,-07:00,2026-04-03T15:59:11-07:00,0,13
index.html,2,html,2f3fcb67,Risa Schloyer,2026-04-03,15:59:11,-07:00,2026-04-03T15:59:11-07:00,0,14
index.html,3,html,2f3fcb67,Risa Schloyer,2026-04-03,15:59:11,-07:00,2026-04-03T15:59:11-07:00,0,4
index.html,4,html,2f3fcb67,Risa Schloyer,2026-04-03,15:59:11,-07:00,2026-04-03T15:59:11-07:00,2,20
index.html,5,html,2f3fcb67,Risa Schloyer,2026-04-03,15:59:11,-07:00,2026-04-03T15:59:11-07:00,2,68
index.html,6,html,2f3fcb67,Risa Schloyer,2026-04-03,15:59:11,-07:00,2026-04-03T15:59:11-07:00,2,55
index.html,7,html,1b3a2621,Risa Schloyer,2026-04-03,16:32:53,-07:00,2026-04-03T16:32:53-07:00,2,38
index.html,8,html,2f3fcb67,Risa Schloyer,2026-04-03,15:59:11,-07:00,2026-04-03T15:59:11-07:00,0,5
index.html,9,html,2f3fcb67,Risa Schloyer,2026-04-03,15:59:11,-07:00,2026-04-03T15:59:11-07:00,0,4
index.html,10,html,0bc8b326,Risa Schloyer,2026-04-16,13:31:45,-07:00,2026-04-16T13:31:45-07:00,2,0
index.html,11,html,2f3fcb67,Risa Schloyer,2026-04-03,15:59:11,-07:00,2026-04-03T15:59:11-07:00,0,20
index.html,12,html,2f3fcb67,Risa Schloyer,2026-04-03,15:59:11,-07:00,2026-04-03T15:59:11-07:00,0,0
index.html,13,html,2f3fcb67,Risa Schloyer,2026-04-03,15:59:11,-07:00,2026-04-03T15:59:11-07:00,2,1
index.html,14,html,2f3fcb67,Risa Schloyer,2026-04-03,15:59:11,-07:00,2026-04-03T15:59:11-07:00,4,117
index.html,15,html,2f3fcb67,Risa Schloyer,2026-04-03,15:59:11,-07:00,2026-04-03T15:59:11-07:00,2,2
index.html,16,html,02d0bf38,Risa Schloyer,2026-04-03,16:21:57,-07:00,2026-04-03T16:21:57-07:00,0,0
index.html,17,html,556d6917,Risa Schloyer,2026-04-24,16:49:12,-07:00,2026-04-24T16:49:12-07:00,4,69
index.html,18,html,556d6917,Risa Schloyer,2026-04-24,16:49:12,-07:00,2026-04-24T16:49:12-07:00,0,0
index.html,19,html,bfe1d133,Risa Schloyer,2026-04-24,16:58:21,-07:00,2026-04-24T16:58:21-07:00,2,22
index.html,20,html,bfe1d133,Risa Schloyer,2026-04-24,16:58:21,-07:00,2026-04-24T16:58:21-07:00,2,28
index.html,21,html,bfe1d133,Risa Schloyer,2026-04-24,16:58:21,-07:00,2026-04-24T16:58:21-07:00,2,0
index.html,22,html,556d6917,Risa Schloyer,2026-04-24,16:49:12,-07:00,2026-04-24T16:49:12-07:00,2,22
index.html,23,html,556d6917,Risa Schloyer,2026-04-24,16:49:12,-07:00,2026-04-24T16:49:12-07:00,2,20
index.html,24,html,556d6917,Risa Schloyer,2026-04-24,16:49:12,-07:00,2026-04-24T16:49:12-07:00,4,49
index.html,25,html,556d6917,Risa Schloyer,2026-04-24,16:49:12,-07:00,2026-04-24T16:49:12-07:00,2,4
index.html,26,html,556d6917,Risa Schloyer,2026-04-24,16:49:12,-07:00,2026-04-24T16:49:12-07:00,0,0
index.html,27,html,6dca3efe,Risa Schloyer,2026-04-17,15:31:33,-07:00,2026-04-17T15:31:33-07:00,2,45
index.html,28,html,556d6917,Risa Schloyer,2026-04-24,16:49:12,-07:00,2026-04-24T16:49:12-07:00,2,50
index.html,29,html,2f3fcb67,Risa Schloyer,2026-04-03,15:59:11,-07:00,2026-04-03T15:59:11-07:00,0,5
index.html,30,html,2f3fcb67,Risa Schloyer,2026-04-03,15:59:11,-07:00,2026-04-03T15:59:11-07:00,0,5
global.js,1,js,b8718afb,Risa Schloyer,2026-04-16,09:55:17,-07:00,2026-04-16T09:55:17-07:00,0,25
global.js,2,js,b8718afb,Risa Schloyer,2026-04-16,09:55:17,-07:00,2026-04-16T09:55:17-07:00,0,0
global.js,3,js,b8718afb,Risa Schloyer,2026-04-16,09:55:17,-07:00,2026-04-16T09:55:17-07:00,0,41
global.js,4,js,b8718afb,Risa Schloyer,2026-04-16,09:55:17,-07:00,2026-04-16T09:55:17-07:00,1,52
global.js,5,js,b8718afb,Risa Schloyer,2026-04-16,09:55:17,-07:00,2026-04-16T09:55:17-07:00,0,0
global.js,6,js,705f9ce0,Risa Schloyer,2026-04-16,10:04:07,-07:00,2026-04-16T10:04:07-07:00,0,0
global.js,7,js,0bc8b326,Risa Schloyer,2026-04-16,13:31:45,-07:00,2026-04-16T13:31:45-07:00,0,11
global.js,8,js,0bc8b326,Risa Schloyer,2026-04-16,13:31:45,-07:00,2026-04-16T13:31:45-07:00,1,25
global.js,9,js,0bc8b326,Risa Schloyer,2026-04-16,13:31:45,-07:00,2026-04-16T13:31:45-07:00,1,38
global.js,10,js,0bc8b326,Risa Schloyer,2026-04-16,13:31:45,-07:00,2026-04-16T13:31:45-07:00,1,36
global.js,11,js,0bc8b326,Risa Schloyer,2026-04-16,13:31:45,-07:00,2026-04-16T13:31:45-07:00,1,34
global.js,12,js,00000000,Not Committed Yet,2026-05-08,13:14:34,-07:00,2026-05-08T13:14:34-07:00,1,30
global.js,13,js,0bc8b326,Risa Schloyer,2026-04-16,13:31:45,-07:00,2026-04-16T13:31:45-07:00,1,58
global.js,14,js,0bc8b326,Risa Schloyer,2026-04-16,13:31:45,-07:00,2026-04-16T13:31:45-07:00,0,0
global.js,15,js,705f9ce0,Risa Schloyer,2026-04-16,10:04:07,-07:00,2026-04-16T10:04:07-07:00,0,0
global.js,16,js,0bc8b326,Risa Schloyer,2026-04-16,13:31:45,-07:00,2026-04-16T13:31:45-07:00,0,38
global.js,17,js,0bc8b326,Risa Schloyer,2026-04-16,13:31:45,-07:00,2026-04-16T13:31:45-07:00,0,25
global.js,18,js,705f9ce0,Risa Schloyer,2026-04-16,10:04:07,-07:00,2026-04-16T10:04:07-07:00,0,0
global.js,19,js,0bc8b326,Risa Schloyer,2026-04-16,13:31:45,-07:00,2026-04-16T13:31:45-07:00,0,88
global.js,20,js,0bc8b326,Risa Schloyer,2026-04-16,13:31:45,-07:00,2026-04-16T13:31:45-07:00,1,3
global.js,21,js,0bc8b326,Risa Schloyer,2026-04-16,13:31:45,-07:00,2026-04-16T13:31:45-07:00,1,14
global.js,22,js,0bc8b326,Risa Schloyer,2026-04-16,13:31:45,-07:00,2026-04-16T13:31:45-07:00,0,0
global.js,23,js,0bc8b326,Risa Schloyer,2026-04-16,13:31:45,-07:00,2026-04-16T13:31:45-07:00,0,20
global.js,24,js,0bc8b326,Risa Schloyer,2026-04-16,13:31:45,-07:00,2026-04-16T13:31:45-07:00,1,14
global.js,25,js,0bc8b326,Risa Schloyer,2026-04-16,13:31:45,-07:00,2026-04-16T13:31:45-07:00,1,18
global.js,26,js,0bc8b326,Risa Schloyer,2026-04-16,13:31:45,-07:00,2026-04-16T13:31:45-07:00,0,0
global.js,27,js,0bc8b326,Risa Schloyer,2026-04-16,13:31:45,-07:00,2026-04-16T13:31:45-07:00,1,28
global.js,28,js,0bc8b326,Risa Schloyer,2026-04-16,13:31:45,-07:00,2026-04-16T13:31:45-07:00,2,20
global.js,29,js,0bc8b326,Risa Schloyer,2026-04-16,13:31:45,-07:00,2026-04-16T13:31:45-07:00,1,0
global.js,30,js,0bc8b326,Risa Schloyer,2026-04-16,13:31:45,-07:00,2026-04-16T13:31:45-07:00,0,0
global.js,31,js,0bc8b326,Risa Schloyer,2026-04-16,13:31:45,-07:00,2026-04-16T13:31:45-07:00,1,34
global.js,32,js,0bc8b326,Risa Schloyer,2026-04-16,13:31:45,-07:00,2026-04-16T13:31:45-07:00,1,11
global.js,33,js,0bc8b326,Risa Schloyer,2026-04-16,13:31:45,-07:00,2026-04-16T13:31:45-07:00,1,20
global.js,34,js,0bc8b326,Risa Schloyer,2026-04-16,13:31:45,-07:00,2026-04-16T13:31:45-07:00,1,12
global.js,35,js,0bc8b326,Risa Schloyer,2026-04-16,13:31:45,-07:00,2026-04-16T13:31:45-07:00,0,0
global.js,36,js,0bc8b326,Risa Schloyer,2026-04-16,13:31:45,-07:00,2026-04-16T13:31:45-07:00,1,65
global.js,37,js,0bc8b326,Risa Schloyer,2026-04-16,13:31:45,-07:00,2026-04-16T13:31:45-07:00,2,25
global.js,38,js,0bc8b326,Risa Schloyer,2026-04-16,13:31:45,-07:00,2026-04-16T13:31:45-07:00,1,0
global.js,39,js,0bc8b326,Risa Schloyer,2026-04-16,13:31:45,-07:00,2026-04-16T13:31:45-07:00,0,0
global.js,40,js,0bc8b326,Risa Schloyer,2026-04-16,13:31:45,-07:00,2026-04-16T13:31:45-07:00,1,29
global.js,41,js,0bc8b326,Risa Schloyer,2026-04-16,13:31:45,-07:00,2026-04-16T13:31:45-07:00,2,18
global.js,42,js,0bc8b326,Risa Schloyer,2026-04-16,13:31:45,-07:00,2026-04-16T13:31:45-07:00,1,0
global.js,43,js,ff46380b,Risa Schloyer,2026-04-16,13:46:33,-07:00,2026-04-16T13:46:33-07:00,0,0
global.js,44,js,ff46380b,Risa Schloyer,2026-04-16,13:46:33,-07:00,2026-04-16T13:46:33-07:00,0,0
global.js,45,js,ff46380b,Risa Schloyer,2026-04-16,13:46:33,-07:00,2026-04-16T13:46:33-07:00,0,31
global.js,46,js,ff46380b,Risa Schloyer,2026-04-16,13:46:33,-07:00,2026-04-16T13:46:33-07:00,1,11
global.js,47,js,ff46380b,Risa Schloyer,2026-04-16,13:46:33,-07:00,2026-04-16T13:46:33-07:00,1,0
global.js,48,js,ff46380b,Risa Schloyer,2026-04-16,13:46:33,-07:00,2026-04-16T13:46:33-07:00,2,26
global.js,49,js,ff46380b,Risa Schloyer,2026-04-16,13:46:33,-07:00,2026-04-16T13:46:33-07:00,3,4
global.js,50,js,ff46380b,Risa Schloyer,2026-04-16,13:46:33,-07:00,2026-04-16T13:46:33-07:00,3,6
global.js,51,js,ff46380b,Risa Schloyer,2026-04-16,13:46:33,-07:00,2026-04-16T13:46:33-07:00,4,43
global.js,52,js,ff46380b,Risa Schloyer,2026-04-16,13:46:33,-07:00,2026-04-16T13:46:33-07:00,4,34
global.js,53,js,ff46380b,Risa Schloyer,2026-04-16,13:46:33,-07:00,2026-04-16T13:46:33-07:00,4,32
global.js,54,js,ff46380b,Risa Schloyer,2026-04-16,13:46:33,-07:00,2026-04-16T13:46:33-07:00,3,7
global.js,55,js,ff46380b,Risa Schloyer,2026-04-16,13:46:33,-07:00,2026-04-16T13:46:33-07:00,2,8
global.js,56,js,ff46380b,Risa Schloyer,2026-04-16,13:46:33,-07:00,2026-04-16T13:46:33-07:00,0,0
global.js,57,js,ff46380b,Risa Schloyer,2026-04-16,13:46:33,-07:00,2026-04-16T13:46:33-07:00,0,0
global.js,58,js,ff46380b,Risa Schloyer,2026-04-16,13:46:33,-07:00,2026-04-16T13:46:33-07:00,0,44
global.js,59,js,ff46380b,Risa Schloyer,2026-04-16,13:46:33,-07:00,2026-04-16T13:46:33-07:00,0,0
global.js,60,js,ff46380b,Risa Schloyer,2026-04-16,13:46:33,-07:00,2026-04-16T13:46:33-07:00,0,49
global.js,61,js,ff46380b,Risa Schloyer,2026-04-16,13:46:33,-07:00,2026-04-16T13:46:33-07:00,1,57
global.js,62,js,ff46380b,Risa Schloyer,2026-04-16,13:46:33,-07:00,2026-04-16T13:46:33-07:00,1,77
global.js,63,js,ff46380b,Risa Schloyer,2026-04-16,13:46:33,-07:00,2026-04-16T13:46:33-07:00,1,44
global.js,64,js,ff46380b,Risa Schloyer,2026-04-16,13:46:33,-07:00,2026-04-16T13:46:33-07:00,0,1
global.js,65,js,ff46380b,Risa Schloyer,2026-04-16,13:46:33,-07:00,2026-04-16T13:46:33-07:00,0,0
global.js,66,js,ff46380b,Risa Schloyer,2026-04-16,13:46:33,-07:00,2026-04-16T13:46:33-07:00,0,34
global.js,67,js,ff46380b,Risa Schloyer,2026-04-16,13:46:33,-07:00,2026-04-16T13:46:33-07:00,1,83
global.js,68,js,ff46380b,Risa Schloyer,2026-04-16,13:46:33,-07:00,2026-04-16T13:46:33-07:00,1,38
global.js,69,js,f10f0969,Risa Schloyer,2026-04-24,16:38:54,-07:00,2026-04-24T16:38:54-07:00,0,0
global.js,70,js,f10f0969,Risa Schloyer,2026-04-24,16:38:54,-07:00,2026-04-24T16:38:54-07:00,0,0
global.js,71,js,f10f0969,Risa Schloyer,2026-04-24,16:38:54,-07:00,2026-04-24T16:38:54-07:00,0,36
global.js,72,js,f10f0969,Risa Schloyer,2026-04-24,16:38:54,-07:00,2026-04-24T16:38:54-07:00,1,3
global.js,73,js,f10f0969,Risa Schloyer,2026-04-24,16:38:54,-07:00,2026-04-24T16:38:54-07:00,2,32
global.js,74,js,f10f0969,Risa Schloyer,2026-04-24,16:38:54,-07:00,2026-04-24T16:38:54-07:00,2,20
global.js,75,js,f10f0969,Risa Schloyer,2026-04-24,16:38:54,-07:00,2026-04-24T16:38:54-07:00,0,0
global.js,76,js,f10f0969,Risa Schloyer,2026-04-24,16:38:54,-07:00,2026-04-24T16:38:54-07:00,2,17
global.js,77,js,f10f0969,Risa Schloyer,2026-04-24,16:38:54,-07:00,2026-04-24T16:38:54-07:00,3,66
global.js,78,js,f10f0969,Risa Schloyer,2026-04-24,16:38:54,-07:00,2026-04-24T16:38:54-07:00,2,0
global.js,79,js,f10f0969,Risa Schloyer,2026-04-24,16:38:54,-07:00,2026-04-24T16:38:54-07:00,0,0
global.js,80,js,f10f0969,Risa Schloyer,2026-04-24,16:38:54,-07:00,2026-04-24T16:38:54-07:00,2,33
global.js,81,js,f10f0969,Risa Schloyer,2026-04-24,16:38:54,-07:00,2026-04-24T16:38:54-07:00,2,10
global.js,82,js,f10f0969,Risa Schloyer,2026-04-24,16:38:54,-07:00,2026-04-24T16:38:54-07:00,1,15
global.js,83,js,f10f0969,Risa Schloyer,2026-04-24,16:38:54,-07:00,2026-04-24T16:38:54-07:00,2,59
global.js,84,js,f10f0969,Risa Schloyer,2026-04-24,16:38:54,-07:00,2026-04-24T16:38:54-07:00,1,0
global.js,85,js,f10f0969,Risa Schloyer,2026-04-24,16:38:54,-07:00,2026-04-24T16:38:54-07:00,0,0
global.js,86,js,f10f0969,Risa Schloyer,2026-04-24,16:38:54,-07:00,2026-04-24T16:38:54-07:00,0,0
global.js,87,js,f10f0969,Risa Schloyer,2026-04-24,16:38:54,-07:00,2026-04-24T16:38:54-07:00,0,79
global.js,88,js,f10f0969,Risa Schloyer,2026-04-24,16:38:54,-07:00,2026-04-24T16:38:54-07:00,1,30
global.js,89,js,f10f0969,Risa Schloyer,2026-04-24,16:38:54,-07:00,2026-04-24T16:38:54-07:00,0,0
global.js,90,js,f10f0969,Risa Schloyer,2026-04-24,16:38:54,-07:00,2026-04-24T16:38:54-07:00,1,29
global.js,91,js,f10f0969,Risa Schloyer,2026-04-24,16:38:54,-07:00,2026-04-24T16:38:54-07:00,2,48
global.js,92,js,f10f0969,Risa Schloyer,2026-04-24,16:38:54,-07:00,2026-04-24T16:38:54-07:00,0,0
global.js,93,js,f10f0969,Risa Schloyer,2026-04-24,16:38:54,-07:00,2026-04-24T16:38:54-07:00,2,19
global.js,94,js,f10f0969,Risa Schloyer,2026-04-24,16:38:54,-07:00,2026-04-24T16:38:54-07:00,3,49
global.js,95,js,f10f0969,Risa Schloyer,2026-04-24,16:38:54,-07:00,2026-04-24T16:38:54-07:00,3,49
global.js,96,js,f10f0969,Risa Schloyer,2026-04-24,16:38:54,-07:00,2026-04-24T16:38:54-07:00,3,27
global.js,97,js,f10f0969,Risa Schloyer,2026-04-24,16:38:54,-07:00,2026-04-24T16:38:54-07:00,2,0
global.js,98,js,f10f0969,Risa Schloyer,2026-04-24,16:38:54,-07:00,2026-04-24T16:38:54-07:00,0,0
global.js,99,js,f10f0969,Risa Schloyer,2026-04-24,16:38:54,-07:00,2026-04-24T16:38:54-07:00,2,36
global.js,100,js,f10f0969,Risa Schloyer,2026-04-24,16:38:54,-07:00,2026-04-24T16:38:54-07:00,1,0
global.js,101,js,65cd3fbd,Risa Schloyer,2026-04-24,16:53:26,-07:00,2026-04-24T16:53:26-07:00,0,0
global.js,102,js,65cd3fbd,Risa Schloyer,2026-04-24,16:53:26,-07:00,2026-04-24T16:53:26-07:00,0,0
global.js,103,js,65cd3fbd,Risa Schloyer,2026-04-24,16:53:26,-07:00,2026-04-24T16:53:26-07:00,0,47
global.js,104,js,65cd3fbd,Risa Schloyer,2026-04-24,16:53:26,-07:00,2026-04-24T16:53:26-07:00,1,59
global.js,105,js,0bc8b326,Risa Schloyer,2026-04-16,13:31:45,-07:00,2026-04-16T13:31:45-07:00,0,0
resume/index.html,1,html,26ad61c3,Risa Schloyer,2026-04-03,17:22:38,-07:00,2026-04-03T17:22:38-07:00,0,13
resume/index.html,2,html,26ad61c3,Risa Schloyer,2026-04-03,17:22:38,-07:00,2026-04-03T17:22:38-07:00,0,14
resume/index.html,3,html,26ad61c3,Risa Schloyer,2026-04-03,17:22:38,-07:00,2026-04-03T17:22:38-07:00,0,4
resume/index.html,4,html,26ad61c3,Risa Schloyer,2026-04-03,17:22:38,-07:00,2026-04-03T17:22:38-07:00,2,20
resume/index.html,5,html,26ad61c3,Risa Schloyer,2026-04-03,17:22:38,-07:00,2026-04-03T17:22:38-07:00,2,68
resume/index.html,6,html,26ad61c3,Risa Schloyer,2026-04-03,17:22:38,-07:00,2026-04-03T17:22:38-07:00,2,19
resume/index.html,7,html,26ad61c3,Risa Schloyer,2026-04-03,17:22:38,-07:00,2026-04-03T17:22:38-07:00,2,41
resume/index.html,8,html,26ad61c3,Risa Schloyer,2026-04-03,17:22:38,-07:00,2026-04-03T17:22:38-07:00,0,5
resume/index.html,9,html,86d7a365,Risa Schloyer,2026-04-10,13:10:40,-07:00,2026-04-10T13:10:40-07:00,0,24
resume/index.html,10,html,0bc8b326,Risa Schloyer,2026-04-16,13:31:45,-07:00,2026-04-16T13:31:45-07:00,1,0
resume/index.html,11,html,26ad61c3,Risa Schloyer,2026-04-03,17:22:38,-07:00,2026-04-03T17:22:38-07:00,0,0
resume/index.html,12,html,26ad61c3,Risa Schloyer,2026-04-03,17:22:38,-07:00,2026-04-03T17:22:38-07:00,2,20
resume/index.html,13,html,26ad61c3,Risa Schloyer,2026-04-03,17:22:38,-07:00,2026-04-03T17:22:38-07:00,0,0
resume/index.html,14,html,26ad61c3,Risa Schloyer,2026-04-03,17:22:38,-07:00,2026-04-03T17:22:38-07:00,2,124
resume/index.html,15,html,26ad61c3,Risa Schloyer,2026-04-03,17:22:38,-07:00,2026-04-03T17:22:38-07:00,0,0
resume/index.html,16,html,26ad61c3,Risa Schloyer,2026-04-03,17:22:38,-07:00,2026-04-03T17:22:38-07:00,2,7
resume/index.html,17,html,26ad61c3,Risa Schloyer,2026-04-03,17:22:38,-07:00,2026-04-03T17:22:38-07:00,4,16
resume/index.html,18,html,26ad61c3,Risa Schloyer,2026-04-03,17:22:38,-07:00,2026-04-03T17:22:38-07:00,4,7
resume/index.html,19,html,26ad61c3,Risa Schloyer,2026-04-03,17:22:38,-07:00,2026-04-03T17:22:38-07:00,6,41
resume/index.html,20,html,26ad61c3,Risa Schloyer,2026-04-03,17:22:38,-07:00,2026-04-03T17:22:38-07:00,6,86
resume/index.html,21,html,26ad61c3,Risa Schloyer,2026-04-03,17:22:38,-07:00,2026-04-03T17:22:38-07:00,6,13
resume/index.html,22,html,26ad61c3,Risa Schloyer,2026-04-03,17:22:38,-07:00,2026-04-03T17:22:38-07:00,6,46
resume/index.html,23,html,26ad61c3,Risa Schloyer,2026-04-03,17:22:38,-07:00,2026-04-03T17:22:38-07:00,6,39
resume/index.html,24,html,26ad61c3,Risa Schloyer,2026-04-03,17:22:38,-07:00,2026-04-03T17:22:38-07:00,6,185
resume/index.html,25,html,26ad61c3,Risa Schloyer,2026-04-03,17:22:38,-07:00,2026-04-03T17:22:38-07:00,4,8
resume/index.html,26,html,26ad61c3,Risa Schloyer,2026-04-03,17:22:38,-07:00,2026-04-03T17:22:38-07:00,2,8
resume/index.html,27,html,26ad61c3,Risa Schloyer,2026-04-03,17:22:38,-07:00,2026-04-03T17:22:38-07:00,0,0
resume/index.html,28,html,26ad61c3,Risa Schloyer,2026-04-03,17:22:38,-07:00,2026-04-03T17:22:38-07:00,2,7
resume/index.html,29,html,26ad61c3,Risa Schloyer,2026-04-03,17:22:38,-07:00,2026-04-03T17:22:38-07:00,4,30
resume/index.html,30,html,26ad61c3,Risa Schloyer,2026-04-03,17:22:38,-07:00,2026-04-03T17:22:38-07:00,0,0
resume/index.html,31,html,26ad61c3,Risa Schloyer,2026-04-03,17:22:38,-07:00,2026-04-03T17:22:38-07:00,4,7
resume/index.html,32,html,26ad61c3,Risa Schloyer,2026-04-03,17:22:38,-07:00,2026-04-03T17:22:38-07:00,6,45
resume/index.html,33,html,26ad61c3,Risa Schloyer,2026-04-03,17:22:38,-07:00,2026-04-03T17:22:38-07:00,6,41
resume/index.html,34,html,26ad61c3,Risa Schloyer,2026-04-03,17:22:38,-07:00,2026-04-03T17:22:38-07:00,6,44
resume/index.html,35,html,26ad61c3,Risa Schloyer,2026-04-03,17:22:38,-07:00,2026-04-03T17:22:38-07:00,6,2
resume/index.html,36,html,26ad61c3,Risa Schloyer,2026-04-03,17:22:38,-07:00,2026-04-03T17:22:38-07:00,8,93
resume/index.html,37,html,26ad61c3,Risa Schloyer,2026-04-03,17:22:38,-07:00,2026-04-03T17:22:38-07:00,8,108
resume/index.html,38,html,26ad61c3,Risa Schloyer,2026-04-03,17:22:38,-07:00,2026-04-03T17:22:38-07:00,8,143
resume/index.html,39,html,26ad61c3,Risa Schloyer,2026-04-03,17:22:38,-07:00,2026-04-03T17:22:38-07:00,8,92
resume/index.html,40,html,26ad61c3,Risa Schloyer,2026-04-03,17:22:38,-07:00,2026-04-03T17:22:38-07:00,8,93
resume/index.html,41,html,26ad61c3,Risa Schloyer,2026-04-03,17:22:38,-07:00,2026-04-03T17:22:38-07:00,6,3
resume/index.html,42,html,26ad61c3,Risa Schloyer,2026-04-03,17:22:38,-07:00,2026-04-03T17:22:38-07:00,4,8
resume/index.html,43,html,26ad61c3,Risa Schloyer,2026-04-03,17:22:38,-07:00,2026-04-03T17:22:38-07:00,0,0
resume/index.html,44,html,26ad61c3,Risa Schloyer,2026-04-03,17:22:38,-07:00,2026-04-03T17:22:38-07:00,4,7
resume/index.html,45,html,26ad61c3,Risa Schloyer,2026-04-03,17:22:38,-07:00,2026-04-03T17:22:38-07:00,6,43
resume/index.html,46,html,26ad61c3,Risa Schloyer,2026-04-03,17:22:38,-07:00,2026-04-03T17:22:38-07:00,6,41
resume/index.html,47,html,26ad61c3,Risa Schloyer,2026-04-03,17:22:38,-07:00,2026-04-03T17:22:38-07:00,6,44
resume/index.html,48,html,26ad61c3,Risa Schloyer,2026-04-03,17:22:38,-07:00,2026-04-03T17:22:38-07:00,6,2
resume/index.html,49,html,26ad61c3,Risa Schloyer,2026-04-03,17:22:38,-07:00,2026-04-03T17:22:38-07:00,8,101
resume/index.html,50,html,26ad61c3,Risa Schloyer,2026-04-03,17:22:38,-07:00,2026-04-03T17:22:38-07:00,8,138
resume/index.html,51,html,26ad61c3,Risa Schloyer,2026-04-03,17:22:38,-07:00,2026-04-03T17:22:38-07:00,8,90
resume/index.html,52,html,26ad61c3,Risa Schloyer,2026-04-03,17:22:38,-07:00,2026-04-03T17:22:38-07:00,6,3
resume/index.html,53,html,26ad61c3,Risa Schloyer,2026-04-03,17:22:38,-07:00,2026-04-03T17:22:38-07:00,4,8
resume/index.html,54,html,26ad61c3,Risa Schloyer,2026-04-03,17:22:38,-07:00,2026-04-03T17:22:38-07:00,2,8
resume/index.html,55,html,26ad61c3,Risa Schloyer,2026-04-03,17:22:38,-07:00,2026-04-03T17:22:38-07:00,0,0
resume/index.html,56,html,26ad61c3,Risa Schloyer,2026-04-03,17:22:38,-07:00,2026-04-03T17:22:38-07:00,2,7
resume/index.html,57,html,26ad61c3,Risa Schloyer,2026-04-03,17:22:38,-07:00,2026-04-03T17:22:38-07:00,4,30
resume/index.html,58,html,26ad61c3,Risa Schloyer,2026-04-03,17:22:38,-07:00,2026-04-03T17:22:38-07:00,4,7
resume/index.html,59,html,26ad61c3,Risa Schloyer,2026-04-03,17:22:38,-07:00,2026-04-03T17:22:38-07:00,6,37
resume/index.html,60,html,26ad61c3,Risa Schloyer,2026-04-03,17:22:38,-07:00,2026-04-03T17:22:38-07:00,6,2
resume/index.html,61,html,26ad61c3,Risa Schloyer,2026-04-03,17:22:38,-07:00,2026-04-03T17:22:38-07:00,8,55
resume/index.html,62,html,26ad61c3,Risa Schloyer,2026-04-03,17:22:38,-07:00,2026-04-03T17:22:38-07:00,8,56
resume/index.html,63,html,26ad61c3,Risa Schloyer,2026-04-03,17:22:38,-07:00,2026-04-03T17:22:38-07:00,8,95
resume/index.html,64,html,26ad61c3,Risa Schloyer,2026-04-03,17:22:38,-07:00,2026-04-03T17:22:38-07:00,6,3
resume/index.html,65,html,26ad61c3,Risa Schloyer,2026-04-03,17:22:38,-07:00,2026-04-03T17:22:38-07:00,4,8
resume/index.html,66,html,26ad61c3,Risa Schloyer,2026-04-03,17:22:38,-07:00,2026-04-03T17:22:38-07:00,0,0
resume/index.html,67,html,26ad61c3,Risa Schloyer,2026-04-03,17:22:38,-07:00,2026-04-03T17:22:38-07:00,4,7
resume/index.html,68,html,26ad61c3,Risa Schloyer,2026-04-03,17:22:38,-07:00,2026-04-03T17:22:38-07:00,6,36
resume/index.html,69,html,26ad61c3,Risa Schloyer,2026-04-03,17:22:38,-07:00,2026-04-03T17:22:38-07:00,6,111
resume/index.html,70,html,26ad61c3,Risa Schloyer,2026-04-03,17:22:38,-07:00,2026-04-03T17:22:38-07:00,4,8
resume/index.html,71,html,26ad61c3,Risa Schloyer,2026-04-03,17:22:38,-07:00,2026-04-03T17:22:38-07:00,2,8
resume/index.html,72,html,26ad61c3,Risa Schloyer,2026-04-03,17:22:38,-07:00,2026-04-03T17:22:38-07:00,0,0
resume/index.html,73,html,26ad61c3,Risa Schloyer,2026-04-03,17:22:38,-07:00,2026-04-03T17:22:38-07:00,2,7
resume/index.html,74,html,26ad61c3,Risa Schloyer,2026-04-03,17:22:38,-07:00,2026-04-03T17:22:38-07:00,4,17
resume/index.html,75,html,26ad61c3,Risa Schloyer,2026-04-03,17:22:38,-07:00,2026-04-03T17:22:38-07:00,4,2
resume/index.html,76,html,26ad61c3,Risa Schloyer,2026-04-03,17:22:38,-07:00,2026-04-03T17:22:38-07:00,6,61
resume/index.html,77,html,26ad61c3,Risa Schloyer,2026-04-03,17:22:38,-07:00,2026-04-03T17:22:38-07:00,6,46
resume/index.html,78,html,26ad61c3,Risa Schloyer,2026-04-03,17:22:38,-07:00,2026-04-03T17:22:38-07:00,4,3
resume/index.html,79,html,26ad61c3,Risa Schloyer,2026-04-03,17:22:38,-07:00,2026-04-03T17:22:38-07:00,2,8
resume/index.html,80,html,26ad61c3,Risa Schloyer,2026-04-03,17:22:38,-07:00,2026-04-03T17:22:38-07:00,0,0
resume/index.html,81,html,26ad61c3,Risa Schloyer,2026-04-03,17:22:38,-07:00,2026-04-03T17:22:38-07:00,2,7
resume/index.html,82,html,26ad61c3,Risa Schloyer,2026-04-03,17:22:38,-07:00,2026-04-03T17:22:38-07:00,4,13
resume/index.html,83,html,26ad61c3,Risa Schloyer,2026-04-03,17:22:38,-07:00,2026-04-03T17:22:38-07:00,4,106
resume/index.html,84,html,26ad61c3,Risa Schloyer,2026-04-03,17:22:38,-07:00,2026-04-03T17:22:38-07:00,2,8
resume/index.html,85,html,26ad61c3,Risa Schloyer,2026-04-03,17:22:38,-07:00,2026-04-03T17:22:38-07:00,0,0
resume/index.html,86,html,26ad61c3,Risa Schloyer,2026-04-03,17:22:38,-07:00,2026-04-03T17:22:38-07:00,2,7
resume/index.html,87,html,26ad61c3,Risa Schloyer,2026-04-03,17:22:38,-07:00,2026-04-03T17:22:38-07:00,4,29
resume/index.html,88,html,26ad61c3,Risa Schloyer,2026-04-03,17:22:38,-07:00,2026-04-03T17:22:38-07:00,4,123
resume/index.html,89,html,26ad61c3,Risa Schloyer,2026-04-03,17:22:38,-07:00,2026-04-03T17:22:38-07:00,4,91
resume/index.html,90,html,26ad61c3,Risa Schloyer,2026-04-03,17:22:38,-07:00,2026-04-03T17:22:38-07:00,2,8
resume/index.html,91,html,99243c34,Risa Schloyer,2026-04-16,09:57:24,-07:00,2026-04-16T09:57:24-07:00,2,48
resume/index.html,92,html,26ad61c3,Risa Schloyer,2026-04-03,17:22:38,-07:00,2026-04-03T17:22:38-07:00,0,5
resume/index.html,93,html,26ad61c3,Risa Schloyer,2026-04-03,17:22:38,-07:00,2026-04-03T17:22:38-07:00,0,5
projects/projects.js,1,js,f10f0969,Risa Schloyer,2026-04-24,16:38:54,-07:00,2026-04-24T16:38:54-07:00,0,55
projects/projects.js,2,js,f10f0969,Risa Schloyer,2026-04-24,16:38:54,-07:00,2026-04-24T16:38:54-07:00,0,0
projects/projects.js,3,js,f10f0969,Risa Schloyer,2026-04-24,16:38:54,-07:00,2026-04-24T16:38:54-07:00,0,55
projects/projects.js,4,js,f10f0969,Risa Schloyer,2026-04-24,16:38:54,-07:00,2026-04-24T16:38:54-07:00,0,0
projects/projects.js,5,js,c0699303,Risa Schloyer,2026-04-24,16:42:32,-07:00,2026-04-24T16:42:32-07:00,0,62
projects/projects.js,6,js,c0699303,Risa Schloyer,2026-04-24,16:42:32,-07:00,2026-04-24T16:42:32-07:00,0,56
projects/projects.js,7,js,c0699303,Risa Schloyer,2026-04-24,16:42:32,-07:00,2026-04-24T16:42:32-07:00,0,0
projects/projects.js,8,js,f10f0969,Risa Schloyer,2026-04-24,16:38:54,-07:00,2026-04-24T16:38:54-07:00,0,60
projects/projects.js,9,js,f10f0969,Risa Schloyer,2026-04-24,16:38:54,-07:00,2026-04-24T16:38:54-07:00,0,0
projects/projects.js,10,js,f10f0969,Risa Schloyer,2026-04-24,16:38:54,-07:00,2026-04-24T16:38:54-07:00,0,48
projects/index.html,1,html,38a50ab1,Risa Schloyer,2026-04-03,16:56:43,-07:00,2026-04-03T16:56:43-07:00,0,13
projects/index.html,2,html,38a50ab1,Risa Schloyer,2026-04-03,16:56:43,-07:00,2026-04-03T16:56:43-07:00,0,14
projects/index.html,3,html,38a50ab1,Risa Schloyer,2026-04-03,16:56:43,-07:00,2026-04-03T16:56:43-07:00,0,4
projects/index.html,4,html,38a50ab1,Risa Schloyer,2026-04-03,16:56:43,-07:00,2026-04-03T16:56:43-07:00,2,20
projects/index.html,5,html,38a50ab1,Risa Schloyer,2026-04-03,16:56:43,-07:00,2026-04-03T16:56:43-07:00,2,68
projects/index.html,6,html,38a50ab1,Risa Schloyer,2026-04-03,16:56:43,-07:00,2026-04-03T16:56:43-07:00,2,21
projects/index.html,7,html,c1f94cf6,Risa Schloyer,2026-04-08,21:22:13,-07:00,2026-04-08T21:22:13-07:00,2,41
projects/index.html,8,html,38a50ab1,Risa Schloyer,2026-04-03,16:56:43,-07:00,2026-04-03T16:56:43-07:00,0,5
projects/index.html,9,html,38a50ab1,Risa Schloyer,2026-04-03,16:56:43,-07:00,2026-04-03T16:56:43-07:00,0,4
projects/index.html,10,html,0bc8b326,Risa Schloyer,2026-04-16,13:31:45,-07:00,2026-04-16T13:31:45-07:00,2,0
projects/index.html,11,html,c0699303,Risa Schloyer,2026-04-24,16:42:32,-07:00,2026-04-24T16:42:32-07:00,2,38
projects/index.html,12,html,fc405b51,Risa Schloyer,2026-04-10,12:37:57,-07:00,2026-04-10T12:37:57-07:00,2,20
projects/index.html,13,html,fc405b51,Risa Schloyer,2026-04-10,12:37:57,-07:00,2026-04-10T12:37:57-07:00,2,4
projects/index.html,14,html,99243c34,Risa Schloyer,2026-04-16,09:57:24,-07:00,2026-04-16T09:57:24-07:00,2,48
projects/index.html,15,html,f10f0969,Risa Schloyer,2026-04-24,16:38:54,-07:00,2026-04-24T16:38:54-07:00,2,47
projects/index.html,16,html,38a50ab1,Risa Schloyer,2026-04-03,16:56:43,-07:00,2026-04-03T16:56:43-07:00,0,5
projects/index.html,17,html,38a50ab1,Risa Schloyer,2026-04-03,16:56:43,-07:00,2026-04-03T16:56:43-07:00,0,5
project2/project2_report.html,1,html,690ad645,Risa Schloyer,2026-04-28,19:27:11,-07:00,2026-04-28T19:27:11-07:00,0,13
project2/project2_report.html,2,html,690ad645,Risa Schloyer,2026-04-28,19:27:11,-07:00,2026-04-28T19:27:11-07:00,0,14
project2/project2_report.html,3,html,690ad645,Risa Schloyer,2026-04-28,19:27:11,-07:00,2026-04-28T19:27:11-07:00,2,4
project2/project2_report.html,4,html,690ad645,Risa Schloyer,2026-04-28,19:27:11,-07:00,2026-04-28T19:27:11-07:00,4,29
project2/project2_report.html,5,html,690ad645,Risa Schloyer,2026-04-28,19:27:11,-07:00,2026-04-28T19:27:11-07:00,4,5
project2/project2_report.html,6,html,690ad645,Risa Schloyer,2026-04-28,19:27:11,-07:00,2026-04-28T19:27:11-07:00,6,5
project2/project2_report.html,7,html,690ad645,Risa Schloyer,2026-04-28,19:27:11,-07:00,2026-04-28T19:27:11-07:00,8,35
project2/project2_report.html,8,html,690ad645,Risa Schloyer,2026-04-28,19:27:11,-07:00,2026-04-28T19:27:11-07:00,8,35
project2/project2_report.html,9,html,690ad645,Risa Schloyer,2026-04-28,19:27:11,-07:00,2026-04-28T19:27:11-07:00,8,35
project2/project2_report.html,10,html,690ad645,Risa Schloyer,2026-04-28,19:27:11,-07:00,2026-04-28T19:27:11-07:00,8,35
project2/project2_report.html,11,html,690ad645,Risa Schloyer,2026-04-28,19:27:11,-07:00,2026-04-28T19:27:11-07:00,8,35
project2/project2_report.html,12,html,690ad645,Risa Schloyer,2026-04-28,19:27:11,-07:00,2026-04-28T19:27:11-07:00,8,35
project2/project2_report.html,13,html,690ad645,Risa Schloyer,2026-04-28,19:27:11,-07:00,2026-04-28T19:27:11-07:00,8,35
project2/project2_report.html,14,html,690ad645,Risa Schloyer,2026-04-28,19:27:11,-07:00,2026-04-28T19:27:11-07:00,8,35
project2/project2_report.html,15,html,690ad645,Risa Schloyer,2026-04-28,19:27:11,-07:00,2026-04-28T19:27:11-07:00,8,35
project2/project2_report.html,16,html,690ad645,Risa Schloyer,2026-04-28,19:27:11,-07:00,2026-04-28T19:27:11-07:00,8,35
project2/project2_report.html,17,html,690ad645,Risa Schloyer,2026-04-28,19:27:11,-07:00,2026-04-28T19:27:11-07:00,6,0
project2/project2_report.html,18,html,690ad645,Risa Schloyer,2026-04-28,19:27:11,-07:00,2026-04-28T19:27:11-07:00,0,0
project2/project2_report.html,19,html,690ad645,Risa Schloyer,2026-04-28,19:27:11,-07:00,2026-04-28T19:27:11-07:00,6,4
project2/project2_report.html,20,html,690ad645,Risa Schloyer,2026-04-28,19:27:11,-07:00,2026-04-28T19:27:11-07:00,8,23
project2/project2_report.html,21,html,690ad645,Risa Schloyer,2026-04-28,19:27:11,-07:00,2026-04-28T19:27:11-07:00,8,20
project2/project2_report.html,22,html,690ad645,Risa Schloyer,2026-04-28,19:27:11,-07:00,2026-04-28T19:27:11-07:00,8,34
project2/project2_report.html,23,html,690ad645,Risa Schloyer,2026-04-28,19:27:11,-07:00,2026-04-28T19:27:11-07:00,8,25
project2/project2_report.html,24,html,690ad645,Risa Schloyer,2026-04-28,19:27:11,-07:00,2026-04-28T19:27:11-07:00,8,13
project2/project2_report.html,25,html,690ad645,Risa Schloyer,2026-04-28,19:27:11,-07:00,2026-04-28T19:27:11-07:00,6,0
project2/project2_report.html,26,html,690ad645,Risa Schloyer,2026-04-28,19:27:11,-07:00,2026-04-28T19:27:11-07:00,0,0
project2/project2_report.html,27,html,690ad645,Risa Schloyer,2026-04-28,19:27:11,-07:00,2026-04-28T19:27:11-07:00,6,12
project2/project2_report.html,28,html,690ad645,Risa Schloyer,2026-04-28,19:27:11,-07:00,2026-04-28T19:27:11-07:00,0,0
project2/project2_report.html,29,html,690ad645,Risa Schloyer,2026-04-28,19:27:11,-07:00,2026-04-28T19:27:11-07:00,6,1
project2/project2_report.html,30,html,690ad645,Risa Schloyer,2026-04-28,19:27:11,-07:00,2026-04-28T19:27:11-07:00,6,1
project2/project2_report.html,31,html,690ad645,Risa Schloyer,2026-04-28,19:27:11,-07:00,2026-04-28T19:27:11-07:00,6,1
project2/project2_report.html,32,html,690ad645,Risa Schloyer,2026-04-28,19:27:11,-07:00,2026-04-28T19:27:11-07:00,6,1
project2/project2_report.html,33,html,690ad645,Risa Schloyer,2026-04-28,19:27:11,-07:00,2026-04-28T19:27:11-07:00,6,1
project2/project2_report.html,34,html,690ad645,Risa Schloyer,2026-04-28,19:27:11,-07:00,2026-04-28T19:27:11-07:00,6,2
project2/project2_report.html,35,html,690ad645,Risa Schloyer,2026-04-28,19:27:11,-07:00,2026-04-28T19:27:11-07:00,8,15
project2/project2_report.html,36,html,690ad645,Risa Schloyer,2026-04-28,19:27:11,-07:00,2026-04-28T19:27:11-07:00,8,15
project2/project2_report.html,37,html,690ad645,Risa Schloyer,2026-04-28,19:27:11,-07:00,2026-04-28T19:27:11-07:00,8,17
project2/project2_report.html,38,html,690ad645,Risa Schloyer,2026-04-28,19:27:11,-07:00,2026-04-28T19:27:11-07:00,6,0
project2/project2_report.html,39,html,690ad645,Risa Schloyer,2026-04-28,19:27:11,-07:00,2026-04-28T19:27:11-07:00,0,0
project2/project2_report.html,40,html,690ad645,Risa Schloyer,2026-04-28,19:27:11,-07:00,2026-04-28T19:27:11-07:00,6,1
project2/project2_report.html,41,html,690ad645,Risa Schloyer,2026-04-28,19:27:11,-07:00,2026-04-28T19:27:11-07:00,6,2
project2/project2_report.html,42,html,690ad645,Risa Schloyer,2026-04-28,19:27:11,-07:00,2026-04-28T19:27:11-07:00,8,47
project2/project2_report.html,43,html,690ad645,Risa Schloyer,2026-04-28,19:27:11,-07:00,2026-04-28T19:27:11-07:00,8,20
project2/project2_report.html,44,html,690ad645,Risa Schloyer,2026-04-28,19:27:11,-07:00,2026-04-28T19:27:11-07:00,6,0
project2/project2_report.html,45,html,690ad645,Risa Schloyer,2026-04-28,19:27:11,-07:00,2026-04-28T19:27:11-07:00,0,0
project2/project2_report.html,46,html,690ad645,Risa Schloyer,2026-04-28,19:27:11,-07:00,2026-04-28T19:27:11-07:00,6,2
project2/project2_report.html,47,html,690ad645,Risa Schloyer,2026-04-28,19:27:11,-07:00,2026-04-28T19:27:11-07:00,8,23
project2/project2_report.html,48,html,690ad645,Risa Schloyer,2026-04-28,19:27:11,-07:00,2026-04-28T19:27:11-07:00,8,48
project2/project2_report.html,49,html,690ad645,Risa Schloyer,2026-04-28,19:27:11,-07:00,2026-04-28T19:27:11-07:00,8,15
project2/project2_report.html,50,html,690ad645,Risa Schloyer,2026-04-28,19:27:11,-07:00,2026-04-28T19:27:11-07:00,0,0
project2/project2_report.html,51,html,690ad645,Risa Schloyer,2026-04-28,19:27:11,-07:00,2026-04-28T19:27:11-07:00,8,5
project2/project2_report.html,52,html,690ad645,Risa Schloyer,2026-04-28,19:27:11,-07:00,2026-04-28T19:27:11-07:00,10,13
project2/project2_report.html,53,html,690ad645,Risa Schloyer,2026-04-28,19:27:11,-07:00,2026-04-28T19:27:11-07:00,10,17
project2/project2_report.html,54,html,690ad645,Risa Schloyer,2026-04-28,19:27:11,-07:00,2026-04-28T19:27:11-07:00,10,19
project2/project2_report.html,55,html,690ad645,Risa Schloyer,2026-04-28,19:27:11,-07:00,2026-04-28T19:27:11-07:00,10,18
project2/project2_report.html,56,html,690ad645,Risa Schloyer,2026-04-28,19:27:11,-07:00,2026-04-28T19:27:11-07:00,10,11
project2/project2_report.html,57,html,690ad645,Risa Schloyer,2026-04-28,19:27:11,-07:00,2026-04-28T19:27:11-07:00,10,34
project2/project2_report.html,58,html,690ad645,Risa Schloyer,2026-04-28,19:27:11,-07:00,2026-04-28T19:27:11-07:00,10,13
project2/project2_report.html,59,html,690ad645,Risa Schloyer,2026-04-28,19:27:11,-07:00,2026-04-28T19:27:11-07:00,10,24
project2/project2_report.html,60,html,690ad645,Risa Schloyer,2026-04-28,19:27:11,-07:00,2026-04-28T19:27:11-07:00,10,18
project2/project2_report.html,61,html,690ad645,Risa Schloyer,2026-04-28,19:27:11,-07:00,2026-04-28T19:27:11-07:00,8,0
project2/project2_report.html,62,html,690ad645,Risa Schloyer,2026-04-28,19:27:11,-07:00,2026-04-28T19:27:11-07:00,6,0
project2/project2_report.html,63,html,690ad645,Risa Schloyer,2026-04-28,19:27:11,-07:00,2026-04-28T19:27:11-07:00,0,0
project2/project2_report.html,64,html,690ad645,Risa Schloyer,2026-04-28,19:27:11,-07:00,2026-04-28T19:27:11-07:00,6,2
project2/project2_report.html,65,html,690ad645,Risa Schloyer,2026-04-28,19:27:11,-07:00,2026-04-28T19:27:11-07:00,8,14
project2/project2_report.html,66,html,690ad645,Risa Schloyer,2026-04-28,19:27:11,-07:00,2026-04-28T19:27:11-07:00,8,29
project2/project2_report.html,67,html,690ad645,Risa Schloyer,2026-04-28,19:27:11,-07:00,2026-04-28T19:27:11-07:00,6,0
project2/project2_report.html,68,html,690ad645,Risa Schloyer,2026-04-28,19:27:11,-07:00,2026-04-28T19:27:11-07:00,0,0
project2/project2_report.html,69,html,690ad645,Risa Schloyer,2026-04-28,19:27:11,-07:00,2026-04-28T19:27:11-07:00,6,2
project2/project2_report.html,70,html,690ad645,Risa Schloyer,2026-04-28,19:27:11,-07:00,2026-04-28T19:27:11-07:00,8,14
project2/project2_report.html,71,html,690ad645,Risa Schloyer,2026-04-28,19:27:11,-07:00,2026-04-28T19:27:11-07:00,6,0
project2/project2_report.html,72,html,690ad645,Risa Schloyer,2026-04-28,19:27:11,-07:00,2026-04-28T19:27:11-07:00,0,0
project2/project2_report.html,73,html,690ad645,Risa Schloyer,2026-04-28,19:27:11,-07:00,2026-04-28T19:27:11-07:00,6,9
project2/project2_report.html,74,html,690ad645,Risa Schloyer,2026-04-28,19:27:11,-07:00,2026-04-28T19:27:11-07:00,0,0
project2/project2_report.html,75,html,690ad645,Risa Schloyer,2026-04-28,19:27:11,-07:00,2026-04-28T19:27:11-07:00,6,1
project2/project2_report.html,76,html,690ad645,Risa Schloyer,2026-04-28,19:27:11,-07:00,2026-04-28T19:27:11-07:00,6,2
project2/project2_report.html,77,html,690ad645,Risa Schloyer,2026-04-28,19:27:11,-07:00,2026-04-28T19:27:11-07:00,8,24
project2/project2_report.html,78,html,690ad645,Risa Schloyer,2026-04-28,19:27:11,-07:00,2026-04-28T19:27:11-07:00,6,0
project2/project2_report.html,79,html,690ad645,Risa Schloyer,2026-04-28,19:27:11,-07:00,2026-04-28T19:27:11-07:00,0,0
project2/project2_report.html,80,html,690ad645,Risa Schloyer,2026-04-28,19:27:11,-07:00,2026-04-28T19:27:11-07:00,6,2
project2/project2_report.html,81,html,690ad645,Risa Schloyer,2026-04-28,19:27:11,-07:00,2026-04-28T19:27:11-07:00,8,9
project2/project2_report.html,82,html,690ad645,Risa Schloyer,2026-04-28,19:27:11,-07:00,2026-04-28T19:27:11-07:00,10,29
project2/project2_report.html,83,html,690ad645,Risa Schloyer,2026-04-28,19:27:11,-07:00,2026-04-28T19:27:11-07:00,8,0
project2/project2_report.html,84,html,690ad645,Risa Schloyer,2026-04-28,19:27:11,-07:00,2026-04-28T19:27:11-07:00,0,0
project2/project2_report.html,85,html,690ad645,Risa Schloyer,2026-04-28,19:27:11,-07:00,2026-04-28T19:27:11-07:00,8,4
project2/project2_report.html,86,html,690ad645,Risa Schloyer,2026-04-28,19:27:11,-07:00,2026-04-28T19:27:11-07:00,10,16
project2/project2_report.html,87,html,690ad645,Risa Schloyer,2026-04-28,19:27:11,-07:00,2026-04-28T19:27:11-07:00,8,0
project2/project2_report.html,88,html,690ad645,Risa Schloyer,2026-04-28,19:27:11,-07:00,2026-04-28T19:27:11-07:00,6,0
project2/project2_report.html,89,html,690ad645,Risa Schloyer,2026-04-28,19:27:11,-07:00,2026-04-28T19:27:11-07:00,0,0
project2/project2_report.html,90,html,690ad645,Risa Schloyer,2026-04-28,19:27:11,-07:00,2026-04-28T19:27:11-07:00,6,23
project2/project2_report.html,91,html,690ad645,Risa Schloyer,2026-04-28,19:27:11,-07:00,2026-04-28T19:27:11-07:00,0,0
project2/project2_report.html,92,html,690ad645,Risa Schloyer,2026-04-28,19:27:11,-07:00,2026-04-28T19:27:11-07:00,6,6
project2/project2_report.html,93,html,690ad645,Risa Schloyer,2026-04-28,19:27:11,-07:00,2026-04-28T19:27:11-07:00,8,17
project2/project2_report.html,94,html,690ad645,Risa Schloyer,2026-04-28,19:27:11,-07:00,2026-04-28T19:27:11-07:00,8,17
project2/project2_report.html,95,html,690ad645,Risa Schloyer,2026-04-28,19:27:11,-07:00,2026-04-28T19:27:11-07:00,6,0
project2/project2_report.html,96,html,690ad645,Risa Schloyer,2026-04-28,19:27:11,-07:00,2026-04-28T19:27:11-07:00,0,0
project2/project2_report.html,97,html,690ad645,Risa Schloyer,2026-04-28,19:27:11,-07:00,2026-04-28T19:27:11-07:00,6,4
project2/project2_report.html,98,html,690ad645,Risa Schloyer,2026-04-28,19:27:11,-07:00,2026-04-28T19:27:11-07:00,8,16
project2/project2_report.html,99,html,690ad645,Risa Schloyer,2026-04-28,19:27:11,-07:00,2026-04-28T19:27:11-07:00,8,29
project2/project2_report.html,100,html,690ad645,Risa Schloyer,2026-04-28,19:27:11,-07:00,2026-04-28T19:27:11-07:00,8,18
project2/project2_report.html,101,html,690ad645,Risa Schloyer,2026-04-28,19:27:11,-07:00,2026-04-28T19:27:11-07:00,8,19
project2/project2_report.html,102,html,690ad645,Risa Schloyer,2026-04-28,19:27:11,-07:00,2026-04-28T19:27:11-07:00,6,0
project2/project2_report.html,103,html,690ad645,Risa Schloyer,2026-04-28,19:27:11,-07:00,2026-04-28T19:27:11-07:00,0,0
project2/project2_report.html,104,html,690ad645,Risa Schloyer,2026-04-28,19:27:11,-07:00,2026-04-28T19:27:11-07:00,6,11
project2/project2_report.html,105,html,690ad645,Risa Schloyer,2026-04-28,19:27:11,-07:00,2026-04-28T19:27:11-07:00,0,0
project2/project2_report.html,106,html,690ad645,Risa Schloyer,2026-04-28,19:27:11,-07:00,2026-04-28T19:27:11-07:00,6,6
project2/project2_report.html,107,html,690ad645,Risa Schloyer,2026-04-28,19:27:11,-07:00,2026-04-28T19:27:11-07:00,8,12
project2/project2_report.html,108,html,690ad645,Risa Schloyer,2026-04-28,19:27:11,-07:00,2026-04-28T19:27:11-07:00,8,14
project2/project2_report.html,109,html,690ad645,Risa Schloyer,2026-04-28,19:27:11,-07:00,2026-04-28T19:27:11-07:00,8,20
project2/project2_report.html,110,html,690ad645,Risa Schloyer,2026-04-28,19:27:11,-07:00,2026-04-28T19:27:11-07:00,8,40
project2/project2_report.html,111,html,690ad645,Risa Schloyer,2026-04-28,19:27:11,-07:00,2026-04-28T19:27:11-07:00,8,48
project2/project2_report.html,112,html,690ad645,Risa Schloyer,2026-04-28,19:27:11,-07:00,2026-04-28T19:27:11-07:00,8,17
project2/project2_report.html,113,html,690ad645,Risa Schloyer,2026-04-28,19:27:11,-07:00,2026-04-28T19:27:11-07:00,8,16
project2/project2_report.html,114,html,690ad645,Risa Schloyer,2026-04-28,19:27:11,-07:00,2026-04-28T19:27:11-07:00,0,0
project2/project2_report.html,115,html,690ad645,Risa Schloyer,2026-04-28,19:27:11,-07:00,2026-04-28T19:27:11-07:00,8,12
project2/project2_report.html,116,html,690ad645,Risa Schloyer,2026-04-28,19:27:11,-07:00,2026-04-28T19:27:11-07:00,10,29
project2/project2_report.html,117,html,690ad645,Risa Schloyer,2026-04-28,19:27:11,-07:00,2026-04-28T19:27:11-07:00,10,34
project2/project2_report.html,118,html,690ad645,Risa Schloyer,2026-04-28,19:27:11,-07:00,2026-04-28T19:27:11-07:00,10,14
project2/project2_report.html,119,html,690ad645,Risa Schloyer,2026-04-28,19:27:11,-07:00,2026-04-28T19:27:11-07:00,10,14
project2/project2_report.html,120,html,690ad645,Risa Schloyer,2026-04-28,19:27:11,-07:00,2026-04-28T19:27:11-07:00,10,17
project2/project2_report.html,121,html,690ad645,Risa Schloyer,2026-04-28,19:27:11,-07:00,2026-04-28T19:27:11-07:00,10,24
project2/project2_report.html,122,html,690ad645,Risa Schloyer,2026-04-28,19:27:11,-07:00,2026-04-28T19:27:11-07:00,10,15
project2/project2_report.html,123,html,690ad645,Risa Schloyer,2026-04-28,19:27:11,-07:00,2026-04-28T19:27:11-07:00,0,0
project2/project2_report.html,124,html,690ad645,Risa Schloyer,2026-04-28,19:27:11,-07:00,2026-04-28T19:27:11-07:00,10,9
project2/project2_report.html,125,html,690ad645,Risa Schloyer,2026-04-28,19:27:11,-07:00,2026-04-28T19:27:11-07:00,12,38
project2/project2_report.html,126,html,690ad645,Risa Schloyer,2026-04-28,19:27:11,-07:00,2026-04-28T19:27:11-07:00,12,16
project2/project2_report.html,127,html,690ad645,Risa Schloyer,2026-04-28,19:27:11,-07:00,2026-04-28T19:27:11-07:00,12,29
project2/project2_report.html,128,html,690ad645,Risa Schloyer,2026-04-28,19:27:11,-07:00,2026-04-28T19:27:11-07:00,10,0
project2/project2_report.html,129,html,690ad645,Risa Schloyer,2026-04-28,19:27:11,-07:00,2026-04-28T19:27:11-07:00,0,0
project2/project2_report.html,130,html,690ad645,Risa Schloyer,2026-04-28,19:27:11,-07:00,2026-04-28T19:27:11-07:00,10,30
project2/project2_report.html,131,html,690ad645,Risa Schloyer,2026-04-28,19:27:11,-07:00,2026-04-28T19:27:11-07:00,12,13
project2/project2_report.html,132,html,690ad645,Risa Schloyer,2026-04-28,19:27:11,-07:00,2026-04-28T19:27:11-07:00,12,25
project2/project2_report.html,133,html,690ad645,Risa Schloyer,2026-04-28,19:27:11,-07:00,2026-04-28T19:27:11-07:00,12,31
project2/project2_report.html,134,html,690ad645,Risa Schloyer,2026-04-28,19:27:11,-07:00,2026-04-28T19:27:11-07:00,14,5
project2/project2_report.html,135,html,690ad645,Risa Schloyer,2026-04-28,19:27:11,-07:00,2026-04-28T19:27:11-07:00,14,11
project2/project2_report.html,136,html,690ad645,Risa Schloyer,2026-04-28,19:27:11,-07:00,2026-04-28T19:27:11-07:00,14,13
project2/project2_report.html,137,html,690ad645,Risa Schloyer,2026-04-28,19:27:11,-07:00,2026-04-28T19:27:11-07:00,12,0
project2/project2_report.html,138,html,690ad645,Risa Schloyer,2026-04-28,19:27:11,-07:00,2026-04-28T19:27:11-07:00,10,0
project2/project2_report.html,139,html,690ad645,Risa Schloyer,2026-04-28,19:27:11,-07:00,2026-04-28T19:27:11-07:00,8,0
project2/project2_report.html,140,html,690ad645,Risa Schloyer,2026-04-28,19:27:11,-07:00,2026-04-28T19:27:11-07:00,6,0
project2/project2_report.html,141,html,94ade99e,Risa Schloyer,2026-04-28,19:45:54,-07:00,2026-04-28T19:45:54-07:00,0,0
project2/project2_report.html,142,html,439a9eb1,Risa Schloyer,2026-04-28,19:43:06,-07:00,2026-04-28T19:43:06-07:00,6,10
project2/project2_report.html,143,html,439a9eb1,Risa Schloyer,2026-04-28,19:43:06,-07:00,2026-04-28T19:43:06-07:00,8,13
project2/project2_report.html,144,html,439a9eb1,Risa Schloyer,2026-04-28,19:43:06,-07:00,2026-04-28T19:43:06-07:00,8,11
project2/project2_report.html,145,html,439a9eb1,Risa Schloyer,2026-04-28,19:43:06,-07:00,2026-04-28T19:43:06-07:00,6,0
project2/project2_report.html,146,html,690ad645,Risa Schloyer,2026-04-28,19:27:11,-07:00,2026-04-28T19:27:11-07:00,4,6
project2/project2_report.html,147,html,690ad645,Risa Schloyer,2026-04-28,19:27:11,-07:00,2026-04-28T19:27:11-07:00,2,5
project2/project2_report.html,148,html,690ad645,Risa Schloyer,2026-04-28,19:27:11,-07:00,2026-04-28T19:27:11-07:00,0,0
project2/project2_report.html,149,html,690ad645,Risa Schloyer,2026-04-28,19:27:11,-07:00,2026-04-28T19:27:11-07:00,2,4
project2/project2_report.html,150,html,690ad645,Risa Schloyer,2026-04-28,19:27:11,-07:00,2026-04-28T19:27:11-07:00,4,6
project2/project2_report.html,151,html,690ad645,Risa Schloyer,2026-04-28,19:27:11,-07:00,2026-04-28T19:27:11-07:00,6,2
project2/project2_report.html,152,html,690ad645,Risa Schloyer,2026-04-28,19:27:11,-07:00,2026-04-28T19:27:11-07:00,8,22
project2/project2_report.html,153,html,690ad645,Risa Schloyer,2026-04-28,19:27:11,-07:00,2026-04-28T19:27:11-07:00,8,36
project2/project2_report.html,154,html,690ad645,Risa Schloyer,2026-04-28,19:27:11,-07:00,2026-04-28T19:27:11-07:00,6,3
project2/project2_report.html,155,html,690ad645,Risa Schloyer,2026-04-28,19:27:11,-07:00,2026-04-28T19:27:11-07:00,0,0
project2/project2_report.html,156,html,690ad645,Risa Schloyer,2026-04-28,19:27:11,-07:00,2026-04-28T19:27:11-07:00,6,1
project2/project2_report.html,157,html,690ad645,Risa Schloyer,2026-04-28,19:27:11,-07:00,2026-04-28T19:27:11-07:00,8,62
project2/project2_report.html,158,html,690ad645,Risa Schloyer,2026-04-28,19:27:11,-07:00,2026-04-28T19:27:11-07:00,8,59
project2/project2_report.html,159,html,690ad645,Risa Schloyer,2026-04-28,19:27:11,-07:00,2026-04-28T19:27:11-07:00,8,55
project2/project2_report.html,160,html,690ad645,Risa Schloyer,2026-04-28,19:27:11,-07:00,2026-04-28T19:27:11-07:00,8,57
project2/project2_report.html,161,html,690ad645,Risa Schloyer,2026-04-28,19:27:11,-07:00,2026-04-28T19:27:11-07:00,6,2
project2/project2_report.html,162,html,690ad645,Risa Schloyer,2026-04-28,19:27:11,-07:00,2026-04-28T19:27:11-07:00,4,7
project2/project2_report.html,163,html,690ad645,Risa Schloyer,2026-04-28,19:27:11,-07:00,2026-04-28T19:27:11-07:00,0,0
project2/project2_report.html,164,html,690ad645,Risa Schloyer,2026-04-28,19:27:11,-07:00,2026-04-28T19:27:11-07:00,4,4
project2/project2_report.html,165,html,690ad645,Risa Schloyer,2026-04-28,19:27:11,-07:00,2026-04-28T19:27:11-07:00,6,121
project2/project2_report.html,166,html,690ad645,Risa Schloyer,2026-04-28,19:27:11,-07:00,2026-04-28T19:27:11-07:00,0,0
project2/project2_report.html,167,html,690ad645,Risa Schloyer,2026-04-28,19:27:11,-07:00,2026-04-28T19:27:11-07:00,6,7
project2/project2_report.html,168,html,690ad645,Risa Schloyer,2026-04-28,19:27:11,-07:00,2026-04-28T19:27:11-07:00,8,26
project2/project2_report.html,169,html,690ad645,Risa Schloyer,2026-04-28,19:27:11,-07:00,2026-04-28T19:27:11-07:00,0,0
project2/project2_report.html,170,html,690ad645,Risa Schloyer,2026-04-28,19:27:11,-07:00,2026-04-28T19:27:11-07:00,8,6
project2/project2_report.html,171,html,439a9eb1,Risa Schloyer,2026-04-28,19:43:06,-07:00,2026-04-28T19:43:06-07:00,10,34
project2/project2_report.html,172,html,feb48a35,Risa Schloyer,2026-04-28,19:51:14,-07:00,2026-04-28T19:51:14-07:00,10,198
project2/project2_report.html,173,html,690ad645,Risa Schloyer,2026-04-28,19:27:11,-07:00,2026-04-28T19:27:11-07:00,8,7
project2/project2_report.html,174,html,690ad645,Risa Schloyer,2026-04-28,19:27:11,-07:00,2026-04-28T19:27:11-07:00,0,0
project2/project2_report.html,175,html,690ad645,Risa Schloyer,2026-04-28,19:27:11,-07:00,2026-04-28T19:27:11-07:00,8,36
project2/project2_report.html,176,html,690ad645,Risa Schloyer,2026-04-28,19:27:11,-07:00,2026-04-28T19:27:11-07:00,0,0
project2/project2_report.html,177,html,690ad645,Risa Schloyer,2026-04-28,19:27:11,-07:00,2026-04-28T19:27:11-07:00,8,2
project2/project2_report.html,178,html,34c20273,Risa Schloyer,2026-04-28,22:22:59,-07:00,2026-04-28T22:22:59-07:00,10,262
project2/project2_report.html,179,html,34c20273,Risa Schloyer,2026-04-28,22:22:59,-07:00,2026-04-28T22:22:59-07:00,10,286
project2/project2_report.html,180,html,34c20273,Risa Schloyer,2026-04-28,22:22:59,-07:00,2026-04-28T22:22:59-07:00,10,186
project2/project2_report.html,181,html,34c20273,Risa Schloyer,2026-04-28,22:22:59,-07:00,2026-04-28T22:22:59-07:00,10,414
project2/project2_report.html,182,html,690ad645,Risa Schloyer,2026-04-28,19:27:11,-07:00,2026-04-28T19:27:11-07:00,8,3
project2/project2_report.html,183,html,690ad645,Risa Schloyer,2026-04-28,19:27:11,-07:00,2026-04-28T19:27:11-07:00,6,8
project2/project2_report.html,184,html,690ad645,Risa Schloyer,2026-04-28,19:27:11,-07:00,2026-04-28T19:27:11-07:00,0,0
project2/project2_report.html,185,html,690ad645,Risa Schloyer,2026-04-28,19:27:11,-07:00,2026-04-28T19:27:11-07:00,6,7
project2/project2_report.html,186,html,690ad645,Risa Schloyer,2026-04-28,19:27:11,-07:00,2026-04-28T19:27:11-07:00,8,30
project2/project2_report.html,187,html,690ad645,Risa Schloyer,2026-04-28,19:27:11,-07:00,2026-04-28T19:27:11-07:00,0,0
project2/project2_report.html,188,html,690ad645,Risa Schloyer,2026-04-28,19:27:11,-07:00,2026-04-28T19:27:11-07:00,8,6
project2/project2_report.html,189,html,439a9eb1,Risa Schloyer,2026-04-28,19:43:06,-07:00,2026-04-28T19:43:06-07:00,10,38
project2/project2_report.html,190,html,feb48a35,Risa Schloyer,2026-04-28,19:51:14,-07:00,2026-04-28T19:51:14-07:00,10,262
project2/project2_report.html,191,html,690ad645,Risa Schloyer,2026-04-28,19:27:11,-07:00,2026-04-28T19:27:11-07:00,8,7
project2/project2_report.html,192,html,690ad645,Risa Schloyer,2026-04-28,19:27:11,-07:00,2026-04-28T19:27:11-07:00,0,0
project2/project2_report.html,193,html,690ad645,Risa Schloyer,2026-04-28,19:27:11,-07:00,2026-04-28T19:27:11-07:00,8,36
project2/project2_report.html,194,html,690ad645,Risa Schloyer,2026-04-28,19:27:11,-07:00,2026-04-28T19:27:11-07:00,0,0
project2/project2_report.html,195,html,690ad645,Risa Schloyer,2026-04-28,19:27:11,-07:00,2026-04-28T19:27:11-07:00,8,2
project2/project2_report.html,196,html,ddd1fbef,Risa Schloyer,2026-04-28,22:58:40,-07:00,2026-04-28T22:58:40-07:00,10,287
project2/project2_report.html,197,html,dfd60557,Risa Schloyer,2026-04-28,23:01:43,-07:00,2026-04-28T23:01:43-07:00,10,319
project2/project2_report.html,198,html,ddd1fbef,Risa Schloyer,2026-04-28,22:58:40,-07:00,2026-04-28T22:58:40-07:00,0,3
project2/project2_report.html,199,html,ddd1fbef,Risa Schloyer,2026-04-28,22:58:40,-07:00,2026-04-28T22:58:40-07:00,10,348
project2/project2_report.html,200,html,ddd1fbef,Risa Schloyer,2026-04-28,22:58:40,-07:00,2026-04-28T22:58:40-07:00,0,3
project2/project2_report.html,201,html,ddd1fbef,Risa Schloyer,2026-04-28,22:58:40,-07:00,2026-04-28T22:58:40-07:00,10,136
project2/project2_report.html,202,html,ddd1fbef,Risa Schloyer,2026-04-28,22:58:40,-07:00,2026-04-28T22:58:40-07:00,0,3
project2/project2_report.html,203,html,ddd1fbef,Risa Schloyer,2026-04-28,22:58:40,-07:00,2026-04-28T22:58:40-07:00,10,399
project2/project2_report.html,204,html,690ad645,Risa Schloyer,2026-04-28,19:27:11,-07:00,2026-04-28T19:27:11-07:00,8,3
project2/project2_report.html,205,html,690ad645,Risa Schloyer,2026-04-28,19:27:11,-07:00,2026-04-28T19:27:11-07:00,6,8
project2/project2_report.html,206,html,690ad645,Risa Schloyer,2026-04-28,19:27:11,-07:00,2026-04-28T19:27:11-07:00,0,0
project2/project2_report.html,207,html,690ad645,Risa Schloyer,2026-04-28,19:27:11,-07:00,2026-04-28T19:27:11-07:00,6,7
project2/project2_report.html,208,html,690ad645,Risa Schloyer,2026-04-28,19:27:11,-07:00,2026-04-28T19:27:11-07:00,8,23
project2/project2_report.html,209,html,690ad645,Risa Schloyer,2026-04-28,19:27:11,-07:00,2026-04-28T19:27:11-07:00,0,0
project2/project2_report.html,210,html,94ade99e,Risa Schloyer,2026-04-28,19:45:54,-07:00,2026-04-28T19:45:54-07:00,8,1
project2/project2_report.html,211,html,2f1e244e,Risa Schloyer,2026-04-28,23:18:57,-07:00,2026-04-28T23:18:57-07:00,4,610
project2/project2_report.html,212,html,94ade99e,Risa Schloyer,2026-04-28,19:45:54,-07:00,2026-04-28T19:45:54-07:00,2,2
project2/project2_report.html,213,html,94ade99e,Risa Schloyer,2026-04-28,19:45:54,-07:00,2026-04-28T19:45:54-07:00,0,0
project2/project2_report.html,214,html,94ade99e,Risa Schloyer,2026-04-28,19:45:54,-07:00,2026-04-28T19:45:54-07:00,2,1
project2/project2_report.html,215,html,2f1e244e,Risa Schloyer,2026-04-28,23:18:57,-07:00,2026-04-28T23:18:57-07:00,4,519
project2/project2_report.html,216,html,94ade99e,Risa Schloyer,2026-04-28,19:45:54,-07:00,2026-04-28T19:45:54-07:00,2,2
project2/project2_report.html,217,html,94ade99e,Risa Schloyer,2026-04-28,19:45:54,-07:00,2026-04-28T19:45:54-07:00,0,0
project2/project2_report.html,218,html,94ade99e,Risa Schloyer,2026-04-28,19:45:54,-07:00,2026-04-28T19:45:54-07:00,2,1
project2/project2_report.html,219,html,2f1e244e,Risa Schloyer,2026-04-28,23:18:57,-07:00,2026-04-28T23:18:57-07:00,3,614
project2/project2_report.html,220,html,94ade99e,Risa Schloyer,2026-04-28,19:45:54,-07:00,2026-04-28T19:45:54-07:00,2,2
project2/project2_report.html,221,html,690ad645,Risa Schloyer,2026-04-28,19:27:11,-07:00,2026-04-28T19:27:11-07:00,6,8
project2/project2_report.html,222,html,690ad645,Risa Schloyer,2026-04-28,19:27:11,-07:00,2026-04-28T19:27:11-07:00,4,5
project2/project2_report.html,223,html,690ad645,Risa Schloyer,2026-04-28,19:27:11,-07:00,2026-04-28T19:27:11-07:00,2,501
project2/project2_report.html,224,html,690ad645,Risa Schloyer,2026-04-28,19:27:11,-07:00,2026-04-28T19:27:11-07:00,0,5
project2/project2_report.html,225,html,690ad645,Risa Schloyer,2026-04-28,19:27:11,-07:00,2026-04-28T19:27:11-07:00,0,5
meta/index.html,1,html,750a198a,Risa Schloyer,2026-05-08,13:08:52,-07:00,2026-05-08T13:08:52-07:00,0,13
meta/index.html,2,html,750a198a,Risa Schloyer,2026-05-08,13:08:52,-07:00,2026-05-08T13:08:52-07:00,0,14
meta/index.html,3,html,750a198a,Risa Schloyer,2026-05-08,13:08:52,-07:00,2026-05-08T13:08:52-07:00,0,4
meta/index.html,4,html,750a198a,Risa Schloyer,2026-05-08,13:08:52,-07:00,2026-05-08T13:08:52-07:00,1,20
meta/index.html,5,html,750a198a,Risa Schloyer,2026-05-08,13:08:52,-07:00,2026-05-08T13:08:52-07:00,1,68
meta/index.html,6,html,750a198a,Risa Schloyer,2026-05-08,13:08:52,-07:00,2026-05-08T13:08:52-07:00,1,17
meta/index.html,7,html,750a198a,Risa Schloyer,2026-05-08,13:08:52,-07:00,2026-05-08T13:08:52-07:00,1,41
meta/index.html,8,html,750a198a,Risa Schloyer,2026-05-08,13:08:52,-07:00,2026-05-08T13:08:52-07:00,1,48
meta/index.html,9,html,750a198a,Risa Schloyer,2026-05-08,13:08:52,-07:00,2026-05-08T13:08:52-07:00,0,5
meta/index.html,10,html,750a198a,Risa Schloyer,2026-05-08,13:08:52,-07:00,2026-05-08T13:08:52-07:00,0,4
meta/index.html,11,html,750a198a,Risa Schloyer,2026-05-08,13:08:52,-07:00,2026-05-08T13:08:52-07:00,1,11
meta/index.html,12,html,750a198a,Risa Schloyer,2026-05-08,13:08:52,-07:00,2026-05-08T13:08:52-07:00,1,61
meta/index.html,13,html,750a198a,Risa Schloyer,2026-05-08,13:08:52,-07:00,2026-05-08T13:08:52-07:00,0,5
meta/index.html,14,html,750a198a,Risa Schloyer,2026-05-08,13:08:52,-07:00,2026-05-08T13:08:52-07:00,0,5
contact/index.html,1,html,38a50ab1,Risa Schloyer,2026-04-03,16:56:43,-07:00,2026-04-03T16:56:43-07:00,0,13
contact/index.html,2,html,38a50ab1,Risa Schloyer,2026-04-03,16:56:43,-07:00,2026-04-03T16:56:43-07:00,0,14
contact/index.html,3,html,38a50ab1,Risa Schloyer,2026-04-03,16:56:43,-07:00,2026-04-03T16:56:43-07:00,0,4
contact/index.html,4,html,38a50ab1,Risa Schloyer,2026-04-03,16:56:43,-07:00,2026-04-03T16:56:43-07:00,2,20
contact/index.html,5,html,38a50ab1,Risa Schloyer,2026-04-03,16:56:43,-07:00,2026-04-03T16:56:43-07:00,2,68
contact/index.html,6,html,38a50ab1,Risa Schloyer,2026-04-03,16:56:43,-07:00,2026-04-03T16:56:43-07:00,2,20
contact/index.html,7,html,c1f94cf6,Risa Schloyer,2026-04-08,21:22:13,-07:00,2026-04-08T21:22:13-07:00,2,41
contact/index.html,8,html,38a50ab1,Risa Schloyer,2026-04-03,16:56:43,-07:00,2026-04-03T16:56:43-07:00,0,5
contact/index.html,9,html,38a50ab1,Risa Schloyer,2026-04-03,16:56:43,-07:00,2026-04-03T16:56:43-07:00,0,4
contact/index.html,10,html,eed7d06e,Risa Schloyer,2026-04-03,17:05:06,-07:00,2026-04-03T17:05:06-07:00,0,0
contact/index.html,11,html,bc476e9f,Risa Schloyer,2026-04-08,21:34:48,-07:00,2026-04-08T21:34:48-07:00,2,14
contact/index.html,12,html,eed7d06e,Risa Schloyer,2026-04-03,17:05:06,-07:00,2026-04-03T17:05:06-07:00,0,0
contact/index.html,13,html,bc476e9f,Risa Schloyer,2026-04-08,21:34:48,-07:00,2026-04-08T21:34:48-07:00,2,73
contact/index.html,14,html,bc476e9f,Risa Schloyer,2026-04-08,21:34:48,-07:00,2026-04-08T21:34:48-07:00,4,5
contact/index.html,15,html,bc476e9f,Risa Schloyer,2026-04-08,21:34:48,-07:00,2026-04-08T21:34:48-07:00,6,9
contact/index.html,16,html,bc476e9f,Risa Schloyer,2026-04-08,21:34:48,-07:00,2026-04-08T21:34:48-07:00,6,31
contact/index.html,17,html,bc476e9f,Risa Schloyer,2026-04-08,21:34:48,-07:00,2026-04-08T21:34:48-07:00,4,6
contact/index.html,18,html,bc476e9f,Risa Schloyer,2026-04-08,21:34:48,-07:00,2026-04-08T21:34:48-07:00,0,0
contact/index.html,19,html,bc476e9f,Risa Schloyer,2026-04-08,21:34:48,-07:00,2026-04-08T21:34:48-07:00,4,5
contact/index.html,20,html,bc476e9f,Risa Schloyer,2026-04-08,21:34:48,-07:00,2026-04-08T21:34:48-07:00,6,6
contact/index.html,21,html,bc476e9f,Risa Schloyer,2026-04-08,21:34:48,-07:00,2026-04-08T21:34:48-07:00,6,20
contact/index.html,22,html,bc476e9f,Risa Schloyer,2026-04-08,21:34:48,-07:00,2026-04-08T21:34:48-07:00,4,6
contact/index.html,23,html,bc476e9f,Risa Schloyer,2026-04-08,21:34:48,-07:00,2026-04-08T21:34:48-07:00,0,0
contact/index.html,24,html,bc476e9f,Risa Schloyer,2026-04-08,21:34:48,-07:00,2026-04-08T21:34:48-07:00,4,5
contact/index.html,25,html,bc476e9f,Risa Schloyer,2026-04-08,21:34:48,-07:00,2026-04-08T21:34:48-07:00,6,6
contact/index.html,26,html,bc476e9f,Risa Schloyer,2026-04-08,21:34:48,-07:00,2026-04-08T21:34:48-07:00,6,31
contact/index.html,27,html,bc476e9f,Risa Schloyer,2026-04-08,21:34:48,-07:00,2026-04-08T21:34:48-07:00,4,6
contact/index.html,28,html,bc476e9f,Risa Schloyer,2026-04-08,21:34:48,-07:00,2026-04-08T21:34:48-07:00,0,0
contact/index.html,29,html,bc476e9f,Risa Schloyer,2026-04-08,21:34:48,-07:00,2026-04-08T21:34:48-07:00,4,19
contact/index.html,30,html,bc476e9f,Risa Schloyer,2026-04-08,21:34:48,-07:00,2026-04-08T21:34:48-07:00,2,5
contact/index.html,31,html,99243c34,Risa Schloyer,2026-04-16,09:57:24,-07:00,2026-04-16T09:57:24-07:00,2,48
contact/index.html,32,html,38a50ab1,Risa Schloyer,2026-04-03,16:56:43,-07:00,2026-04-03T16:56:43-07:00,0,5
contact/index.html,33,html,38a50ab1,Risa Schloyer,2026-04-03,16:56:43,-07:00,2026-04-03T16:56:43-07:00,0,5
